model,object_type,source_path,source_layer,last_migrated_commit,bq_target,state,snapshot_strategy,last_equivalence_result,last_equivalence_t,last_validated_commit,last_reverse_ported_commit,delivery_stage,pr_url,parent_release,parent_model,parent_verdict_ref,notes,source_updated_at
view:engagement_actions_fact,view,views/engagement_actions_fact.view.lkml,looker_model,82b3ab594f0d8f518072f3e1cc4f4ce8ac1d576e,,pending,null,null,null,null,null,null,null,null,null,null,batch b02; class mechanical; complexity Low; 15 fields,null
view:engagement_burn_up_fact,view,views/engagement_burn_up_fact.view.lkml,looker_model,82b3ab594f0d8f518072f3e1cc4f4ce8ac1d576e,,pending,null,null,null,null,null,null,null,null,null,null,batch b02; class mechanical; complexity Low; 15 fields,null
view:engagement_health_fact,view,views/engagement_health_fact.view.lkml,looker_model,82b3ab594f0d8f518072f3e1cc4f4ce8ac1d576e,,pending,null,null,null,null,null,null,null,null,null,null,batch b02; class mechanical; complexity High; 106 fields,null
view:engagement_sprint_burn_fact,view,views/engagement_sprint_burn_fact.view.lkml,looker_model,82b3ab594f0d8f518072f3e1cc4f4ce8ac1d576e,,pending,null,null,null,null,null,null,null,null,null,null,batch b02; class mechanical; complexity Medium; 24 fields,null
topic:engagement_health_fact,topic,models/analytics.model.lkml,looker_model,82b3ab594f0d8f518072f3e1cc4f4ce8ac1d576e,,pending,null,null,null,null,null,null,null,null,null,null,batch b02; base view engagement_health_fact; class assisted,null
topic:engagement_sprint_burn_fact,topic,models/analytics.model.lkml,looker_model,82b3ab594f0d8f518072f3e1cc4f4ce8ac1d576e,,pending,null,null,null,null,null,null,null,null,null,null,batch b02; base view engagement_sprint_burn_fact; class assisted,null
topic:engagement_burn_up_fact,topic,models/analytics.model.lkml,looker_model,82b3ab594f0d8f518072f3e1cc4f4ce8ac1d576e,,pending,null,null,null,null,null,null,null,null,null,null,batch b02; base view engagement_burn_up_fact; class mechanical,null
topic:engagement_actions_fact,topic,models/analytics.model.lkml,looker_model,82b3ab594f0d8f518072f3e1cc4f4ce8ac1d576e,,pending,null,null,null,null,null,null,null,null,null,null,batch b02; base view engagement_actions_fact; class assisted,null
view:ad_campaign_performance_fact,view,views/ad_campaign_performance_fact.view.lkml,looker_model,82b3ab594f0d8f518072f3e1cc4f4ce8ac1d576e,,pending,null,null,null,null,null,null,null,null,null,null,batch b03; class redesign; complexity High; 23 fields,null
view:ad_campaigns_dim,view,views/ad_campaigns_dim.view.lkml,looker_model,82b3ab594f0d8f518072f3e1cc4f4ce8ac1d576e,,pending,null,null,null,null,null,null,null,null,null,null,batch b03; class redesign; complexity High; 12 fields,null
view:has_viewed_pricing,view,views/has_viewed_pricing.view.lkml,looker_model,82b3ab594f0d8f518072f3e1cc4f4ce8ac1d576e,,pending,null,null,null,null,null,null,null,null,null,null,batch b03; class mechanical; complexity Low; 3 fields,null
view:ips_enriched,view,views/ips_enriched.view.lkml,looker_model,82b3ab594f0d8f518072f3e1cc4f4ce8ac1d576e,,pending,null,null,null,null,null,null,null,null,null,null,batch b03; class mechanical; complexity High; 15 fields,null
view:is_conversion_session,view,views/is_conversion_session.view.lkml,looker_model,82b3ab594f0d8f518072f3e1cc4f4ce8ac1d576e,,pending,null,null,null,null,null,null,null,null,null,null,batch b03; class mechanical; complexity Low; 3 fields,null
view:organic_post_performance_fact,view,views/organic_post_performance_fact.view.lkml,looker_model,82b3ab594f0d8f518072f3e1cc4f4ce8ac1d576e,,pending,null,null,null,null,null,null,null,null,null,null,batch b03; class mechanical; complexity Low; 10 fields,null
view:organic_posts_dim,view,views/organic_posts_dim.view.lkml,looker_model,82b3ab594f0d8f518072f3e1cc4f4ce8ac1d576e,,pending,null,null,null,null,null,null,null,null,null,null,batch b03; class mechanical; complexity Low; 8 fields,null
view:page_first_published,view,views/page_first_published.view.lkml,looker_model,82b3ab594f0d8f518072f3e1cc4f4ce8ac1d576e,,pending,null,null,null,null,null,null,null,null,null,null,batch b03; class mechanical; complexity Medium; 2 fields,null
view:web_events_fact,view,views/web_events_fact.view.lkml,looker_model,82b3ab594f0d8f518072f3e1cc4f4ce8ac1d576e,,pending,null,null,null,null,null,null,null,null,null,null,batch b03; class mechanical; complexity High; 83 fields,null
view:web_sessions_fact,view,views/web_sessions_fact.view.lkml,looker_model,82b3ab594f0d8f518072f3e1cc4f4ce8ac1d576e,,pending,null,null,null,null,null,null,null,null,null,null,batch b03; class redesign; complexity High; 56 fields,null
view:wh_sessions_attribution,view,views/wh_sessions_attribution.view.lkml,looker_model,82b3ab594f0d8f518072f3e1cc4f4ce8ac1d576e,,pending,null,null,null,null,null,null,null,null,null,null,batch b03; class mechanical; complexity Low; 28 fields,null
topic:web_sessions_fact,topic,models/analytics.model.lkml,looker_model,82b3ab594f0d8f518072f3e1cc4f4ce8ac1d576e,,pending,null,null,null,null,null,null,null,null,null,null,batch b03; base view web_sessions_fact; class mechanical,null
topic:ad_campaign_performance_fact,topic,models/analytics.model.lkml,looker_model,82b3ab594f0d8f518072f3e1cc4f4ce8ac1d576e,,pending,null,null,null,null,null,null,null,null,null,null,batch b03; base view ad_campaign_performance_fact; class mechanical,null
topic:organic_posts_dim,topic,models/analytics.model.lkml,looker_model,82b3ab594f0d8f518072f3e1cc4f4ce8ac1d576e,,pending,null,null,null,null,null,null,null,null,null,null,batch b03; base view organic_posts_dim; class mechanical,null
view:bank_account_details,view,views/bank_account_details.view.lkml,looker_model,82b3ab594f0d8f518072f3e1cc4f4ce8ac1d576e,,pending,null,null,null,null,null,null,null,null,null,null,batch b04; class mechanical; complexity Low; 5 fields,null
view:bank_transactions_fact,view,views/bank_transactions_fact.view.lkml,looker_model,82b3ab594f0d8f518072f3e1cc4f4ce8ac1d576e,,pending,null,null,null,null,null,null,null,null,null,null,batch b04; class mechanical; complexity Low; 27 fields,null
view:chart_of_accounts_dim,view,views/chart_of_accounts_dim.view.lkml,looker_model,82b3ab594f0d8f518072f3e1cc4f4ce8ac1d576e,,pending,null,null,null,null,null,null,null,null,null,null,batch b04; class mechanical; complexity Low; 24 fields,null
view:general_ledger_fact,view,views/general_ledger_fact.view.lkml,looker_model,82b3ab594f0d8f518072f3e1cc4f4ce8ac1d576e,,pending,null,null,null,null,null,null,null,null,null,null,batch b04; class mechanical; complexity Medium; 29 fields,null
view:monthly_resource_revenue_forecast_fact,view,views/monthly_resource_revenue_forecast_fact.view.lkml,looker_model,82b3ab594f0d8f518072f3e1cc4f4ce8ac1d576e,,pending,null,null,null,null,null,null,null,null,null,null,batch b04; class mechanical; complexity High; 24 fields,null
view:profit_and_loss_report_fact,view,views/profit_and_loss_report_fact.view.lkml,looker_model,82b3ab594f0d8f518072f3e1cc4f4ce8ac1d576e,,pending,null,null,null,null,null,null,null,null,null,null,batch b04; class mechanical; complexity High; 44 fields,null
view:project_engagements,view,views/project_engagements_monthly_revenue.view.lkml,looker_model,82b3ab594f0d8f518072f3e1cc4f4ce8ac1d576e,,pending,null,null,null,null,null,null,null,null,null,null,batch b04; class mechanical; complexity Medium; 6 fields,null
view:revenue_and_forecast,view,views/revenue_and_forecast.view.lkml,looker_model,82b3ab594f0d8f518072f3e1cc4f4ce8ac1d576e,,pending,null,null,null,null,null,null,null,null,null,null,batch b04; class mechanical; complexity Low; 13 fields,null
view:sales_targets,view,views/sales_targets.view.lkml,looker_model,82b3ab594f0d8f518072f3e1cc4f4ce8ac1d576e,,pending,null,null,null,null,null,null,null,null,null,null,batch b04; class mechanical; complexity Low; 22 fields,null
view:targets,view,views/targets.view.lkml,looker_model,82b3ab594f0d8f518072f3e1cc4f4ce8ac1d576e,,pending,null,null,null,null,null,null,null,null,null,null,batch b04; class mechanical; complexity High; 53 fields,null
topic:targets,topic,models/analytics.model.lkml,looker_model,82b3ab594f0d8f518072f3e1cc4f4ce8ac1d576e,,pending,null,null,null,null,null,null,null,null,null,null,batch b04; base view targets; class mechanical,null
topic:monthly_resource_revenue_forecast_fact,topic,models/analytics.model.lkml,looker_model,82b3ab594f0d8f518072f3e1cc4f4ce8ac1d576e,,pending,null,null,null,null,null,null,null,null,null,null,batch b04; base view monthly_resource_revenue_forecast_fact; class mechanical,null
topic:revenue_and_forecast,topic,models/analytics.model.lkml,looker_model,82b3ab594f0d8f518072f3e1cc4f4ce8ac1d576e,,pending,null,null,null,null,null,null,null,null,null,null,batch b04; base view revenue_and_forecast; class mechanical,null
topic:project_engagements,topic,models/analytics.model.lkml,looker_model,82b3ab594f0d8f518072f3e1cc4f4ce8ac1d576e,,pending,null,null,null,null,null,null,null,null,null,null,batch b04; base view project_engagements; class mechanical,null
topic:chart_of_accounts_dim,topic,models/analytics.model.lkml,looker_model,82b3ab594f0d8f518072f3e1cc4f4ce8ac1d576e,,pending,null,null,null,null,null,null,null,null,null,null,batch b04; base view chart_of_accounts_dim; class mechanical,null
view:companies_dim,view,views/companies_dim.view.lkml,looker_model,82b3ab594f0d8f518072f3e1cc4f4ce8ac1d576e,,pending,null,null,null,null,null,null,null,null,null,null,batch b05; class redesign; complexity High; 17 fields,null
view:contacts_dim,view,views/contacts_dim.view.lkml,looker_model,82b3ab594f0d8f518072f3e1cc4f4ce8ac1d576e,,pending,null,null,null,null,null,null,null,null,null,null,batch b05; class mechanical; complexity Low; 129 fields,null
view:customer_meetings,view,views/customer_meetings.view.lkml,looker_model,82b3ab594f0d8f518072f3e1cc4f4ce8ac1d576e,,pending,null,null,null,null,null,null,null,null,null,null,batch b05; class mechanical; complexity Low; 16 fields,null
view:delivery_projects_dim,view,views/delivery_projects_dim.view.lkml,looker_model,82b3ab594f0d8f518072f3e1cc4f4ce8ac1d576e,,pending,null,null,null,null,null,null,null,null,null,null,batch b05; class redesign; complexity High; 12 fields,null
view:delivery_tasks_fact,view,views/delivery_tasks_fact.view.lkml,looker_model,82b3ab594f0d8f518072f3e1cc4f4ce8ac1d576e,,pending,null,null,null,null,null,null,null,null,null,null,batch b05; class mechanical; complexity High; 65 fields,null
view:engagements,view,views/engagements.view.lkml,looker_model,82b3ab594f0d8f518072f3e1cc4f4ce8ac1d576e,,pending,null,null,null,null,null,null,null,null,null,null,batch b05; class mechanical; complexity Low; 34 fields,null
view:exchange_rates,view,views/exchange_rates.view.lkml,looker_model,82b3ab594f0d8f518072f3e1cc4f4ce8ac1d576e,,pending,null,null,null,null,null,null,null,null,null,null,batch b05; class mechanical; complexity Low; 2 fields,null
view:invoices_fact,view,views/invoices_fact.view.lkml,looker_model,82b3ab594f0d8f518072f3e1cc4f4ce8ac1d576e,,pending,null,null,null,null,null,null,null,null,null,null,batch b05; class redesign; complexity High; 50 fields,null
view:meeting_contact_lines_fact,view,views/meeting_contact_lines_fact.view.lkml,looker_model,82b3ab594f0d8f518072f3e1cc4f4ce8ac1d576e,,pending,null,null,null,null,null,null,null,null,null,null,batch b05; class mechanical; complexity Low; 10 fields,null
view:messages_fact,view,views/messages_fact.view.lkml,looker_model,82b3ab594f0d8f518072f3e1cc4f4ce8ac1d576e,,pending,null,null,null,null,null,null,null,null,null,null,batch b05; class mechanical; complexity Low; 17 fields,null
view:nps_survey_results_fact,view,views/nps_survey_results_fact.view.lkml,looker_model,82b3ab594f0d8f518072f3e1cc4f4ce8ac1d576e,,pending,null,null,null,null,null,null,null,null,null,null,batch b05; class mechanical; complexity Medium; 11 fields,null
view:payments_fact,view,views/payments_fact.view.lkml,looker_model,82b3ab594f0d8f518072f3e1cc4f4ce8ac1d576e,,pending,null,null,null,null,null,null,null,null,null,null,batch b05; class mechanical; complexity Low; 22 fields,null
view:timesheet_projects_dim,view,views/timesheet_projects_dim.view.lkml,looker_model,82b3ab594f0d8f518072f3e1cc4f4ce8ac1d576e,,pending,null,null,null,null,null,null,null,null,null,null,batch b05; class redesign; complexity High; 31 fields,null
view:timesheet_tasks_dim,view,views/timesheet_tasks_dim.view.lkml,looker_model,82b3ab594f0d8f518072f3e1cc4f4ce8ac1d576e,,pending,null,null,null,null,null,null,null,null,null,null,batch b05; class redesign; complexity High; 8 fields,null
view:timesheets_fact,view,views/timesheets_fact.view.lkml,looker_model,82b3ab594f0d8f518072f3e1cc4f4ce8ac1d576e,,pending,null,null,null,null,null,null,null,null,null,null,batch b05; class redesign; complexity High; 27 fields,null
topic:nps_survey_results_fact,topic,models/analytics.model.lkml,looker_model,82b3ab594f0d8f518072f3e1cc4f4ce8ac1d576e,,pending,null,null,null,null,null,null,null,null,null,null,batch b05; base view nps_survey_results_fact; class mechanical,null
topic:contacts,topic,models/analytics.model.lkml,looker_model,82b3ab594f0d8f518072f3e1cc4f4ce8ac1d576e,,pending,null,null,null,null,null,null,null,null,null,null,batch b05; base view contacts_dim; class assisted,null
view:client_prospect_status_dim,view,views/client_prospect_status_dim.view.lkml,looker_model,82b3ab594f0d8f518072f3e1cc4f4ce8ac1d576e,,pending,null,null,null,null,null,null,null,null,null,null,batch b06; class mechanical; complexity Low; 6 fields,null
view:companies_dim__all_company_ids,view,views/companies_dim.view.lkml,looker_model,82b3ab594f0d8f518072f3e1cc4f4ce8ac1d576e,,pending,null,null,null,null,null,null,null,null,null,null,batch b06; class mechanical; complexity Low; 1 fields,null
view:company_converted_projects,view,views/company_converted_projects.view.lkml,looker_model,82b3ab594f0d8f518072f3e1cc4f4ce8ac1d576e,,pending,null,null,null,null,null,null,null,null,null,null,batch b06; class mechanical; complexity Low; 7 fields,null
view:company_deal_value_attribute,view,views/company_deal_value_attribute.view.lkml,looker_model,82b3ab594f0d8f518072f3e1cc4f4ce8ac1d576e,,pending,null,null,null,null,null,null,null,null,null,null,batch b06; class mechanical; complexity Low; 5 fields,null
view:contact_companies_fact,view,views/contact_companies_fact.view.lkml,looker_model,82b3ab594f0d8f518072f3e1cc4f4ce8ac1d576e,,pending,null,null,null,null,null,null,null,null,null,null,batch b06; class redesign; complexity High; 5 fields,null
view:contact_meetings_fact,view,views/contact_meetings_fact.view.lkml,looker_model,82b3ab594f0d8f518072f3e1cc4f4ce8ac1d576e,,pending,null,null,null,null,null,null,null,null,null,null,batch b06; class mechanical; complexity Low; 13 fields,null
view:contracts_fact,view,views/contracts_fact.view.lkml,looker_model,82b3ab594f0d8f518072f3e1cc4f4ce8ac1d576e,,pending,null,null,null,null,null,null,null,null,null,null,batch b06; class mechanical; complexity Low; 23 fields,null
view:customer_first_deal_cohorts,view,views/customer_first_deal_cohorts.view.lkml,looker_model,82b3ab594f0d8f518072f3e1cc4f4ce8ac1d576e,,pending,null,null,null,null,null,null,null,null,null,null,batch b06; class mechanical; complexity Low; 5 fields,null
view:customer_first_order_segments,view,views/customer_first_order_segments.view.lkml,looker_model,82b3ab594f0d8f518072f3e1cc4f4ce8ac1d576e,,pending,null,null,null,null,null,null,null,null,null,null,batch b06; class mechanical; complexity Low; 20 fields,null
view:deal_pipeline_history,view,views/deal_pipeline_history.view.lkml,looker_model,82b3ab594f0d8f518072f3e1cc4f4ce8ac1d576e,,pending,null,null,null,null,null,null,null,null,null,null,batch b06; class mechanical; complexity Medium; 10 fields,null
view:deals_fact,view,views/deals_fact.view.lkml,looker_model,82b3ab594f0d8f518072f3e1cc4f4ce8ac1d576e,,pending,null,null,null,null,null,null,null,null,null,null,batch b06; class redesign; complexity High; 83 fields,null
view:delivery_project_docs_dim,view,views/delivery_project_docs_dim.view.lkml,looker_model,82b3ab594f0d8f518072f3e1cc4f4ce8ac1d576e,,pending,null,null,null,null,null,null,null,null,null,null,batch b06; class mechanical; complexity Low; 11 fields,null
view:delivery_task_history,view,views/delivery_task_history.view.lkml,looker_model,82b3ab594f0d8f518072f3e1cc4f4ce8ac1d576e,,pending,null,null,null,null,null,null,null,null,null,null,batch b06; class mechanical; complexity Low; 16 fields,null
view:engagement_details,view,views/engagement_details.view.lkml,looker_model,82b3ab594f0d8f518072f3e1cc4f4ce8ac1d576e,,pending,null,null,null,null,null,null,null,null,null,null,batch b06; class mechanical; complexity Low; 8 fields,null
view:engagement_details__deliverables,view,views/engagement_details.view.lkml,looker_model,82b3ab594f0d8f518072f3e1cc4f4ce8ac1d576e,,pending,null,null,null,null,null,null,null,null,null,null,batch b06; class mechanical; complexity Low; 5 fields,null
view:engagement_details__objectives,view,views/engagement_details.view.lkml,looker_model,82b3ab594f0d8f518072f3e1cc4f4ce8ac1d576e,,pending,null,null,null,null,null,null,null,null,null,null,batch b06; class mechanical; complexity Low; 5 fields,null
view:persons_dim,view,views/persons_dim.view.lkml,looker_model,82b3ab594f0d8f518072f3e1cc4f4ce8ac1d576e,,pending,null,null,null,null,null,null,null,null,null,null,batch b06; class mechanical; complexity High; 100 fields,null
view:projects_delivered_is_ontime,view,views/projects_delivered_is_ontime.view.lkml,looker_model,82b3ab594f0d8f518072f3e1cc4f4ce8ac1d576e,,pending,null,null,null,null,null,null,null,null,null,null,batch b07; class mechanical; complexity Low; 3 fields,null
view:recognized_revenue_fact,view,views/recognized_revenue_fact.view.lkml,looker_model,82b3ab594f0d8f518072f3e1cc4f4ce8ac1d576e,,pending,null,null,null,null,null,null,null,null,null,null,batch b07; class mechanical; complexity Medium; 23 fields,null
view:rfm_model,view,views/rfm_model.view.lkml,looker_model,82b3ab594f0d8f518072f3e1cc4f4ce8ac1d576e,,pending,null,null,null,null,null,null,null,null,null,null,batch b07; class redesign; complexity High; 9 fields,null
view:src_control_daily_metrics_fact,view,views/src_control_daily_metrics_fact.view.lkml,looker_model,82b3ab594f0d8f518072f3e1cc4f4ce8ac1d576e,,pending,null,null,null,null,null,null,null,null,null,null,batch b07; class mechanical; complexity Medium; 24 fields,null
view:src_control_pull_requests_fact,view,views/src_control_pull_requests_fact.view.lkml,looker_model,82b3ab594f0d8f518072f3e1cc4f4ce8ac1d576e,,pending,null,null,null,null,null,null,null,null,null,null,batch b07; class mechanical; complexity Low; 47 fields,null
view:src_control_repos_dim,view,views/src_control_repos_dim.view.lkml,looker_model,82b3ab594f0d8f518072f3e1cc4f4ce8ac1d576e,,pending,null,null,null,null,null,null,null,null,null,null,batch b07; class mechanical; complexity Low; 26 fields,null
view:team_revenue_targets,view,views/team_revenue_targets.view.lkml,looker_model,82b3ab594f0d8f518072f3e1cc4f4ce8ac1d576e,,pending,null,null,null,null,null,null,null,null,null,null,batch b07; class mechanical; complexity Medium; 8 fields,null
view:timesheet_project_costs_fact,view,views/timesheet_project_costs_fact.view.lkml,looker_model,82b3ab594f0d8f518072f3e1cc4f4ce8ac1d576e,,pending,null,null,null,null,null,null,null,null,null,null,batch b07; class mechanical; complexity Low; 24 fields,null
view:timesheet_project_engagement_rag_status_fact,view,views/timesheet_project_engagement_rag_status_fact.view.lkml,looker_model,82b3ab594f0d8f518072f3e1cc4f4ce8ac1d576e,,pending,null,null,null,null,null,null,null,null,null,null,batch b07; class mechanical; complexity High; 29 fields,null
view:timesheet_project_engagement_rag_status_fact__client_action_points,view,views/timesheet_project_engagement_rag_status_fact.view.lkml,looker_model,82b3ab594f0d8f518072f3e1cc4f4ce8ac1d576e,,pending,null,null,null,null,null,null,null,null,null,null,batch b07; class mechanical; complexity Low; 3 fields,null
view:timesheet_project_engagement_rag_status_fact__month_timeline_events,view,views/timesheet_project_engagement_rag_status_fact.view.lkml,looker_model,82b3ab594f0d8f518072f3e1cc4f4ce8ac1d576e,,pending,null,null,null,null,null,null,null,null,null,null,batch b07; class mechanical; complexity Low; 3 fields,null
view:timesheet_project_engagement_rag_status_fact__ra_action_points,view,views/timesheet_project_engagement_rag_status_fact.view.lkml,looker_model,82b3ab594f0d8f518072f3e1cc4f4ce8ac1d576e,,pending,null,null,null,null,null,null,null,null,null,null,batch b07; class mechanical; complexity Low; 3 fields,null
view:timesheet_project_engagements_dim__projects,view,views/engagements.view.lkml,looker_model,82b3ab594f0d8f518072f3e1cc4f4ce8ac1d576e,,pending,null,null,null,null,null,null,null,null,null,null,batch b07; class mechanical; complexity Low; 5 fields,null
view:timesheet_project_stakeholder_jtbd_fact,view,views/timesheet_project_stakeholder_jtbd_fact.view.lkml,looker_model,82b3ab594f0d8f518072f3e1cc4f4ce8ac1d576e,,pending,null,null,null,null,null,null,null,null,null,null,batch b07; class mechanical; complexity Low; 7 fields,null
view:timesheet_project_stakeholder_jtbd_fact__identified_jtbds,view,views/timesheet_project_stakeholder_jtbd_fact.view.lkml,looker_model,82b3ab594f0d8f518072f3e1cc4f4ce8ac1d576e,,pending,null,null,null,null,null,null,null,null,null,null,batch b07; class mechanical; complexity Low; 3 fields,null
view:timesheet_project_stakeholder_jtbd_fact__keywords,view,views/timesheet_project_stakeholder_jtbd_fact.view.lkml,looker_model,82b3ab594f0d8f518072f3e1cc4f4ce8ac1d576e,,pending,null,null,null,null,null,null,null,null,null,null,batch b07; class mechanical; complexity Low; 2 fields,null
topic:companies_dim,topic,models/analytics.model.lkml,looker_model,82b3ab594f0d8f518072f3e1cc4f4ce8ac1d576e,,pending,null,null,null,null,null,null,null,null,null,null,batch b07; base view companies_dim; class mechanical,null
dashboard:267,dashboard,/dashboards/267,looker_content,null,,pending,null,null,null,null,null,null,null,null,null,null,batch c01; Business Summary,2026-08-29T18:39:51+00:00
tile:267/2501,tile,/dashboards/267/elements/2501,looker_content,null,,pending,null,null,null,null,null,null,null,null,null,null,batch c01; looker_column; merged results; How much attributed revenue has each consultant delivered MTD?,2026-08-29T18:39:51+00:00
tile:267/2514,tile,/dashboards/267/elements/2514,looker_content,null,,pending,null,null,null,null,null,null,null,null,null,null,"batch c01; looker_column; How much revenue is booked, forecasted and remaining to target?",2026-08-29T18:39:51+00:00
tile:267/2519,tile,/dashboards/267/elements/2519,looker_content,null,,pending,null,null,null,null,null,null,null,null,null,null,"batch c01; looker_column; merged results; How much profit have we made, and are forecast to make this month?",2026-08-29T18:39:51+00:00
tile:267/2533,tile,/dashboards/267/elements/2533,looker_content,null,,pending,null,null,null,null,null,null,null,null,null,null,batch c01; single_value; Forecast Billing,2026-08-29T18:39:51+00:00
tile:267/2534,tile,/dashboards/267/elements/2534,looker_content,null,,pending,null,null,null,null,null,null,null,null,null,null,batch c01; single_value; merged results; Forecast Invoiced Retained GBP,2026-08-29T18:39:51+00:00
tile:267/2536,tile,/dashboards/267/elements/2536,looker_content,null,,pending,null,null,null,null,null,null,null,null,null,null,batch c01; single_value; merged results; Closed Deals,2026-08-29T18:39:51+00:00
tile:267/2541,tile,/dashboards/267/elements/2541,looker_content,null,,pending,null,null,null,null,null,null,null,null,null,null,batch c01; looker_line; Are our clients promoters of our services?,2026-08-29T18:39:51+00:00
tile:267/2681,tile,/dashboards/267/elements/2681,looker_content,null,,pending,null,null,null,null,null,null,null,null,null,null,batch c01; looker_line; How well utilised is the Delivery team this year?,2026-08-29T18:39:51+00:00
tile:267/2682,tile,/dashboards/267/elements/2682,looker_content,null,,pending,null,null,null,null,null,null,null,null,null,null,"batch c01; marketplace_viz_calendar_heatmap::calendar_heatmap-marketplace; How ""hot"" is the delivery team machine running right now,  vs. historically?",2026-08-29T18:39:51+00:00
tile:267/2805,tile,/dashboards/267/elements/2805,looker_content,null,,pending,null,null,null,null,null,null,null,null,null,null,batch c01; looker_column; merged results; What does our backlog of booked and weighted pipeline look like historically? ,2026-08-29T18:39:51+00:00
tile:267/2898,tile,/dashboards/267/elements/2898,looker_content,null,,pending,null,null,null,null,null,null,null,null,null,null,batch c01; looker_line; merged results; How much business did we close?,2026-08-29T18:39:51+00:00
tile:267/3043,tile,/dashboards/267/elements/3043,looker_content,null,,pending,null,null,null,null,null,null,null,null,null,null,batch c01; single_value; merged results; Cost of Delivery,2026-08-29T18:39:51+00:00
tile:267/3045,tile,/dashboards/267/elements/3045,looker_content,null,,pending,null,null,null,null,null,null,null,null,null,null,batch c01; single_value; NPS,2026-08-29T18:39:51+00:00
tile:267/3082,tile,/dashboards/267/elements/3082,looker_content,null,,pending,null,null,null,null,null,null,null,null,null,null,batch c01; looker_grid; Consultant Hourly Rates,2026-08-29T18:39:51+00:00
tile:267/3087,tile,/dashboards/267/elements/3087,looker_content,null,,pending,null,null,null,null,null,null,null,null,null,null,"batch c01; looker_line; merged results; What's the ""Mood"" on our Projects?",2026-08-29T18:39:51+00:00
tile:267/3873,tile,/dashboards/267/elements/3873,looker_content,null,,pending,null,null,null,null,null,null,null,null,null,null,batch c01; single_value; Recognised Revenue,2026-08-29T18:39:51+00:00
tile:267/3878,tile,/dashboards/267/elements/3878,looker_content,null,,pending,null,null,null,null,null,null,null,null,null,null,batch c01; looker_column; How does our pipeline revenue play-out over the coming months?,2026-08-29T18:39:51+00:00
dashboard:255,dashboard,/dashboards/255,looker_content,null,,pending,null,null,null,null,null,null,null,null,null,null,batch c02; Web Performance & Marketing Attribution,2026-08-30T22:38:06+00:00
tile:255/2354,tile,/dashboards/255/elements/2354,looker_content,null,,pending,null,null,null,null,null,null,null,null,null,null,batch c02; single_value; Web Performance,2026-08-30T22:38:06+00:00
tile:255/2355,tile,/dashboards/255/elements/2355,looker_content,null,,pending,null,null,null,null,null,null,null,null,null,null,batch c02; single_value; Web Performance (Copy 2),2026-08-30T22:38:06+00:00
tile:255/2356,tile,/dashboards/255/elements/2356,looker_content,null,,pending,null,null,null,null,null,null,null,null,null,null,batch c02; single_value; Web Performance (Copy),2026-08-30T22:38:06+00:00
tile:255/2357,tile,/dashboards/255/elements/2357,looker_content,null,,pending,null,null,null,null,null,null,null,null,null,null,batch c02; single_value; Web Performance (Copy 3),2026-08-30T22:38:06+00:00
tile:255/2358,tile,/dashboards/255/elements/2358,looker_content,null,,pending,null,null,null,null,null,null,null,null,null,null,batch c02; single_value; Web Performance (Copy 4),2026-08-30T22:38:06+00:00
tile:255/2360,tile,/dashboards/255/elements/2360,looker_content,null,,pending,null,null,null,null,null,null,null,null,null,null,batch c02; looker_bar; How relatively valuable were each channel's visitors?,2026-08-30T22:38:06+00:00
tile:255/2362,tile,/dashboards/255/elements/2362,looker_content,null,,pending,null,null,null,null,null,null,null,null,null,null,batch c02; looker_bar; How did our landing pages perform?,2026-08-30T22:38:06+00:00
tile:255/2375,tile,/dashboards/255/elements/2375,looker_content,null,,pending,null,null,null,null,null,null,null,null,null,null,batch c02; looker_grid; How did our marketing channels perform in-detail?,2026-08-30T22:38:06+00:00
tile:255/2384,tile,/dashboards/255/elements/2384,looker_content,null,,pending,null,null,null,null,null,null,null,null,null,null,batch c02; looker_grid; What was our campaign performance?,2026-08-30T22:38:06+00:00
tile:255/2387,tile,/dashboards/255/elements/2387,looker_content,null,,pending,null,null,null,null,null,null,null,null,null,null,batch c02; single_value; Ad Spend,2026-08-30T22:38:06+00:00
tile:255/2388,tile,/dashboards/255/elements/2388,looker_content,null,,pending,null,null,null,null,null,null,null,null,null,null,batch c02; single_value; Paid Ads CPC,2026-08-30T22:38:06+00:00
tile:255/2398,tile,/dashboards/255/elements/2398,looker_content,null,,pending,null,null,null,null,null,null,null,null,null,null,batch c02; looker_grid; What were our top organic (content) marketing posts?,2026-08-30T22:38:06+00:00
tile:255/2399,tile,/dashboards/255/elements/2399,looker_content,null,,pending,null,null,null,null,null,null,null,null,null,null,batch c02; single_value; Likes,2026-08-30T22:38:06+00:00
tile:255/2401,tile,/dashboards/255/elements/2401,looker_content,null,,pending,null,null,null,null,null,null,null,null,null,null,batch c02; looker_column; Where did our site traffic come from?,2026-08-30T22:38:06+00:00
tile:255/2404,tile,/dashboards/255/elements/2404,looker_content,null,,pending,null,null,null,null,null,null,null,null,null,null,batch c02; looker_bar; merged results; How did our social media post sessions perform?,2026-08-30T22:38:06+00:00
tile:255/2406,tile,/dashboards/255/elements/2406,looker_content,null,,pending,null,null,null,null,null,null,null,null,null,null,batch c02; looker_bar; merged results; How did our campaigns perform?,2026-08-30T22:38:06+00:00
tile:255/2407,tile,/dashboards/255/elements/2407,looker_content,null,,pending,null,null,null,null,null,null,null,null,null,null,batch c02; looker_column; How much did we spend on paid marketing?,2026-08-30T22:38:06+00:00
tile:255/2409,tile,/dashboards/255/elements/2409,looker_content,null,,pending,null,null,null,null,null,null,null,null,null,null,batch c02; looker_pie; Channel Sessions %,2026-08-30T22:38:06+00:00
tile:255/2410,tile,/dashboards/255/elements/2410,looker_content,null,,pending,null,null,null,null,null,null,null,null,null,null,batch c02; looker_pie; Channel Value %,2026-08-30T22:38:06+00:00
tile:255/2411,tile,/dashboards/255/elements/2411,looker_content,null,,pending,null,null,null,null,null,null,null,null,null,null,batch c02; looker_pie; Channel Comm PV%,2026-08-30T22:38:06+00:00
tile:255/2412,tile,/dashboards/255/elements/2412,looker_content,null,,pending,null,null,null,null,null,null,null,null,null,null,batch c02; looker_pie; Channel Users %,2026-08-30T22:38:06+00:00
tile:255/2413,tile,/dashboards/255/elements/2413,looker_content,null,,pending,null,null,null,null,null,null,null,null,null,null,batch c02; looker_grid; merged results; Who were our converters and what are their details?,2026-08-30T22:38:06+00:00
tile:255/2414,tile,/dashboards/255/elements/2414,looker_content,null,,pending,null,null,null,null,null,null,null,null,null,null,batch c02; looker_pie; Which channels first attract converters?,2026-08-30T22:38:06+00:00
tile:255/2416,tile,/dashboards/255/elements/2416,looker_content,null,,pending,null,null,null,null,null,null,null,null,null,null,batch c02; looker_pie; Which channels attract the actual conversion?,2026-08-30T22:38:06+00:00
tile:255/2417,tile,/dashboards/255/elements/2417,looker_content,null,,pending,null,null,null,null,null,null,null,null,null,null,batch c02; looker_pie; What is the mix of channels on converter journeys?,2026-08-30T22:38:06+00:00
tile:255/2419,tile,/dashboards/255/elements/2419,looker_content,null,,pending,null,null,null,null,null,null,null,null,null,null,batch c02; single_value; First Conversion Revenue,2026-08-30T22:38:06+00:00
tile:255/2420,tile,/dashboards/255/elements/2420,looker_content,null,,pending,null,null,null,null,null,null,null,null,null,null,batch c02; single_value; First Conversion LTV,2026-08-30T22:38:06+00:00
tile:255/2425,tile,/dashboards/255/elements/2425,looker_content,null,,pending,null,null,null,null,null,null,null,null,null,null,batch c02; looker_column; merged results; Marketing Funnel,2026-08-30T22:38:06+00:00
dashboard:416,dashboard,/dashboards/416,looker_content,null,,pending,null,null,null,null,null,null,null,null,null,null,batch c03; Engagement RAG Status 2026; lookml analytics::engagement_health,2026-08-28T18:08:42+00:00
tile:416/3905,tile,/dashboards/416/elements/3905,looker_content,null,,pending,null,null,null,null,null,null,null,null,null,null,batch c03; single_value; Engagement,2026-08-28T18:08:42+00:00
tile:416/3906,tile,/dashboards/416/elements/3906,looker_content,null,,pending,null,null,null,null,null,null,null,null,null,null,batch c03; single_value; Budget Used,2026-08-28T18:08:42+00:00
tile:416/3907,tile,/dashboards/416/elements/3907,looker_content,null,,pending,null,null,null,null,null,null,null,null,null,null,batch c03; single_value; Through Scheduled Days,2026-08-28T18:08:42+00:00
tile:416/3908,tile,/dashboards/416/elements/3908,looker_content,null,,pending,null,null,null,null,null,null,null,null,null,null,batch c03; single_value; Budget Exhausted On,2026-08-28T18:08:42+00:00
tile:416/3909,tile,/dashboards/416/elements/3909,looker_content,null,,pending,null,null,null,null,null,null,null,null,null,null,batch c03; single_value; Realised Hourly Rate,2026-08-28T18:08:42+00:00
tile:416/3910,tile,/dashboards/416/elements/3910,looker_content,null,,pending,null,null,null,null,null,null,null,null,null,null,batch c03; single_value; Earned Margin,2026-08-28T18:08:42+00:00
tile:416/3911,tile,/dashboards/416/elements/3911,looker_content,null,,pending,null,null,null,null,null,null,null,null,null,null,batch c03; single_value; Invoiced And Past Due,2026-08-28T18:08:42+00:00
tile:416/3912,tile,/dashboards/416/elements/3912,looker_content,null,,pending,null,null,null,null,null,null,null,null,null,null,batch c03; looker_grid; Overall,2026-08-28T18:08:42+00:00
tile:416/3913,tile,/dashboards/416/elements/3913,looker_content,null,,pending,null,null,null,null,null,null,null,null,null,null,batch c03; looker_grid; RAG Status,2026-08-28T18:08:42+00:00
tile:416/3914,tile,/dashboards/416/elements/3914,looker_content,null,,pending,null,null,null,null,null,null,null,null,null,null,batch c03; looker_grid; What Drove Each Status,2026-08-28T18:08:42+00:00
tile:416/3915,tile,/dashboards/416/elements/3915,looker_content,null,,pending,null,null,null,null,null,null,null,null,null,null,batch c03; looker_grid; Commentary,2026-08-28T18:08:42+00:00
tile:416/3917,tile,/dashboards/416/elements/3917,looker_content,null,,pending,null,null,null,null,null,null,null,null,null,null,batch c03; looker_line; Budget Burn-up,2026-08-28T18:08:42+00:00
tile:416/3918,tile,/dashboards/416/elements/3918,looker_content,null,,pending,null,null,null,null,null,null,null,null,null,null,batch c03; looker_timeline; Sprint Timeline,2026-08-28T18:08:42+00:00
tile:416/3919,tile,/dashboards/416/elements/3919,looker_content,null,,pending,null,null,null,null,null,null,null,null,null,null,batch c03; looker_grid; Sprint Burn,2026-08-28T18:08:42+00:00
tile:416/3921,tile,/dashboards/416/elements/3921,looker_content,null,,pending,null,null,null,null,null,null,null,null,null,null,"batch c03; looker_column; Hours, Revenue and Cost by Month",2026-08-28T18:08:42+00:00
tile:416/3923,tile,/dashboards/416/elements/3923,looker_content,null,,pending,null,null,null,null,null,null,null,null,null,null,batch c03; looker_grid; Open and Overdue Invoices,2026-08-28T18:08:42+00:00
tile:416/3925,tile,/dashboards/416/elements/3925,looker_content,null,,pending,null,null,null,null,null,null,null,null,null,null,batch c03; looker_grid; Actions for the Month,2026-08-28T18:08:42+00:00
schedule:91,schedule,/scheduled_plans/91,looker_content,null,,pending,null,null,null,null,null,null,null,null,null,null,batch c02; Web Performance; crontab 50 23 * * 0; enabled True; destinations looker-integration://1::slack_app:,2023-11-27T00:11:56+00:00
alert:3,alert,/alerts/3,looker_content,null,,pending,null,null,null,null,null,null,null,null,null,null,batch c01; dashboard:267/element:2514; cron 0 5 * * *; disabled False; threshold GREATER_THAN 50.0,null
group:all_users,group,looker:group:1,looker_content,null,,pending,null,null,null,null,null,null,null,null,null,null,batch b01; view access on Shared folder; maps to Omni organisation default,null
