register_model,object_uri,baseline_id,source_definition,target_definition,dependencies,policy_context,data_context,test_contract,adapters,evidence_fingerprint,stale_kinds
view:engagement_actions_fact,looker:analytics:view:engagement_actions_fact,b001,82b3ab594f0d8f518072f3e1cc4f4ce8ac1d576e:99216522e83217c605618a07c12638a9e0876985381683513e720297d6484f65,absent,5d06d9bc7ffa3fcdf75a9183509c7df33a59cce44bc6398fabc04223a7cc0c63,50d878092a1d0f8372d5f97939d2ab8eeac067bcb7084e9645046f9145951d9f,2026-09-05T23:59:59Z,absent,converter 1.1.0; pair c1d0dfddf5a1cd4afbc80101e4bac698443b8bc52b7ea427ea4c17f3e115945c; comparator bi_parity.py sha256:0803a81993929500 (no version constant),e22916da86d7a663eaf502a03ba930cb0252799c535f049bb22eeec0dc2025dc,
view:engagement_burn_up_fact,looker:analytics:view:engagement_burn_up_fact,b001,82b3ab594f0d8f518072f3e1cc4f4ce8ac1d576e:d56f8d38e5109aea9466fcf35318b35e2f47456842ef875a50758eda91f5c4f2,absent,dcfa417a2c993f805e8cc15eb8b7030c5f2766f8f290104c1a45afc6c7f7501a,50d878092a1d0f8372d5f97939d2ab8eeac067bcb7084e9645046f9145951d9f,2026-09-05T23:59:59Z,absent,converter 1.1.0; pair c1d0dfddf5a1cd4afbc80101e4bac698443b8bc52b7ea427ea4c17f3e115945c; comparator bi_parity.py sha256:0803a81993929500 (no version constant),47b63d88d4f23d3c4a28941ade8030f53ae239a4e47534124b9af438bc72b6f9,
view:engagement_health_fact,looker:analytics:view:engagement_health_fact,b001,82b3ab594f0d8f518072f3e1cc4f4ce8ac1d576e:6b19977a83694762a17bc842903e91970c5669adee54967c290b911b1b7574ba,absent,694629f2c32cd7b45074c65adad42d6bc0c886702ff929c8708bddb1b0649186,50d878092a1d0f8372d5f97939d2ab8eeac067bcb7084e9645046f9145951d9f,2026-09-05T23:59:59Z,absent,converter 1.1.0; pair c1d0dfddf5a1cd4afbc80101e4bac698443b8bc52b7ea427ea4c17f3e115945c; comparator bi_parity.py sha256:0803a81993929500 (no version constant),f1c47dba9ef4d3e62b499b3874ca3b1928bfb864e67d575af96477fc7eb83311,
view:engagement_sprint_burn_fact,looker:analytics:view:engagement_sprint_burn_fact,b001,82b3ab594f0d8f518072f3e1cc4f4ce8ac1d576e:263ebcbd0ce43256c091cdcff651709f84953292f845ed49cd8789d9c94b70d0,absent,41cfe917502704f7838d34dc9cda06282e747d262e7b82026f685e7951efc030,50d878092a1d0f8372d5f97939d2ab8eeac067bcb7084e9645046f9145951d9f,2026-09-05T23:59:59Z,absent,converter 1.1.0; pair c1d0dfddf5a1cd4afbc80101e4bac698443b8bc52b7ea427ea4c17f3e115945c; comparator bi_parity.py sha256:0803a81993929500 (no version constant),0448614f39b7b138c7186907247132dbd61d39e7e739ec518a7ecccf32265d38,
view:ad_campaign_performance_fact,looker:analytics:view:ad_campaign_performance_fact,b001,82b3ab594f0d8f518072f3e1cc4f4ce8ac1d576e:bd2ecf7f8308dec191f758a72d087dfd3e8dc101b8d369dd5a56a986506e0761,absent,0abbda10f70aafa6c9aa877152401478d4fe9d441c147769a3dc39bb8fb67229,50d878092a1d0f8372d5f97939d2ab8eeac067bcb7084e9645046f9145951d9f,2026-09-05T23:59:59Z,absent,converter 1.1.0; pair c1d0dfddf5a1cd4afbc80101e4bac698443b8bc52b7ea427ea4c17f3e115945c; comparator bi_parity.py sha256:0803a81993929500 (no version constant),bfe27d0ff55429dd08ac91f2b28a508667f54f464e2906d1be31aee633e13a83,
view:ad_campaigns_dim,looker:analytics:view:ad_campaigns_dim,b001,82b3ab594f0d8f518072f3e1cc4f4ce8ac1d576e:0dff479b436dcf6a1fc00c104a2cfdf01cdfbf6a2b0fc97f9051b4c8184406b4,absent,0e3ef9716de83825f2de4296d62e8059f95c09df78455890d7af54152a2739d5,50d878092a1d0f8372d5f97939d2ab8eeac067bcb7084e9645046f9145951d9f,2026-09-05T23:59:59Z,absent,converter 1.1.0; pair c1d0dfddf5a1cd4afbc80101e4bac698443b8bc52b7ea427ea4c17f3e115945c; comparator bi_parity.py sha256:0803a81993929500 (no version constant),28c8d188300c5968f16a8fbbc8f5f6f116b7e76e0f3a3eb60f4da3ff10345d96,
view:has_viewed_pricing,looker:analytics:view:has_viewed_pricing,b001,82b3ab594f0d8f518072f3e1cc4f4ce8ac1d576e:a432375da70db0961f9cff731e369c770336dd86a97ee4b57067441c03e55db7,absent,7b373e7b979c469a2643a3905206c4a3e3659e597b395091bb01d5367975b507,50d878092a1d0f8372d5f97939d2ab8eeac067bcb7084e9645046f9145951d9f,2026-09-05T23:59:59Z,absent,converter 1.1.0; pair c1d0dfddf5a1cd4afbc80101e4bac698443b8bc52b7ea427ea4c17f3e115945c; comparator bi_parity.py sha256:0803a81993929500 (no version constant),abe48f7973165403e1707935651cb548dc792d56efbc585d2f6ae0d83b897849,
view:ips_enriched,looker:analytics:view:ips_enriched,b001,82b3ab594f0d8f518072f3e1cc4f4ce8ac1d576e:ae0f8dc8530e067365e5ea8869600e40205f5a7df9f782568fc8912a55d8adae,absent,1c58c34d2f83b83b067196e78d18690649c2e2492492d04b80bcc1266a466d95,50d878092a1d0f8372d5f97939d2ab8eeac067bcb7084e9645046f9145951d9f,2026-09-05T23:59:59Z,absent,converter 1.1.0; pair c1d0dfddf5a1cd4afbc80101e4bac698443b8bc52b7ea427ea4c17f3e115945c; comparator bi_parity.py sha256:0803a81993929500 (no version constant),b97d41045279bcc92eabbe02b474c5274dcf5f700ef3704ee9dee0b6db3ca48f,
view:is_conversion_session,looker:analytics:view:is_conversion_session,b001,82b3ab594f0d8f518072f3e1cc4f4ce8ac1d576e:7f7ef98ff3cd9d515185cc50ce364b1abb6fbf3da428575b4110416d95238381,absent,e32ae3bd7cf3856094bb6fbf13a77ca17f4d795d4156901a63891e55b24c2454,50d878092a1d0f8372d5f97939d2ab8eeac067bcb7084e9645046f9145951d9f,2026-09-05T23:59:59Z,absent,converter 1.1.0; pair c1d0dfddf5a1cd4afbc80101e4bac698443b8bc52b7ea427ea4c17f3e115945c; comparator bi_parity.py sha256:0803a81993929500 (no version constant),cda548741ed2047758fcf4a87ae49be76759718220ff171ce99c78e4b5594242,
view:organic_post_performance_fact,looker:analytics:view:organic_post_performance_fact,b001,82b3ab594f0d8f518072f3e1cc4f4ce8ac1d576e:e8134251e12e310deab970013bd462181bc142c5f696e554ca46afd60e58d6c2,absent,5f89cb157f7eb068564c5b6203b69a059bc7e7c6bf4f3b3adbe00c302e2b84ad,50d878092a1d0f8372d5f97939d2ab8eeac067bcb7084e9645046f9145951d9f,2026-09-05T23:59:59Z,absent,converter 1.1.0; pair c1d0dfddf5a1cd4afbc80101e4bac698443b8bc52b7ea427ea4c17f3e115945c; comparator bi_parity.py sha256:0803a81993929500 (no version constant),b929185df3b0e2f3474fa90e3bd67ee3f1fc5660fd84a55179143ce6d9b0115f,
view:organic_posts_dim,looker:analytics:view:organic_posts_dim,b001,82b3ab594f0d8f518072f3e1cc4f4ce8ac1d576e:16eedcc5993b82977c5ff8fd069e52519fd8875a7051ea91c43331ea7b1b3a56,absent,8d78069ee35bea49582ca0df8174a344cdccec3d54e522aa9b1e62c6acf00428,50d878092a1d0f8372d5f97939d2ab8eeac067bcb7084e9645046f9145951d9f,2026-09-05T23:59:59Z,absent,converter 1.1.0; pair c1d0dfddf5a1cd4afbc80101e4bac698443b8bc52b7ea427ea4c17f3e115945c; comparator bi_parity.py sha256:0803a81993929500 (no version constant),7822f3857bce5a54f6fc1f5ef9f7afb77148bf11892c5535f725ad669b9434ef,
view:page_first_published,looker:analytics:view:page_first_published,b001,82b3ab594f0d8f518072f3e1cc4f4ce8ac1d576e:5e888e6f31f19fee4999fee0b910de8d1650461aa726fcbaf5f3cdd87c5880f9,absent,3962e7a32410daf583ecf99dcc05424c83a4ecdb55d24619b2118756177431d5,50d878092a1d0f8372d5f97939d2ab8eeac067bcb7084e9645046f9145951d9f,2026-09-05T23:59:59Z,absent,converter 1.1.0; pair c1d0dfddf5a1cd4afbc80101e4bac698443b8bc52b7ea427ea4c17f3e115945c; comparator bi_parity.py sha256:0803a81993929500 (no version constant),91470db9a922afa56740ebaab0fa9b920f1f7cca27fe10f0b84fffc1aa2de783,
view:web_events_fact,looker:analytics:view:web_events_fact,b001,82b3ab594f0d8f518072f3e1cc4f4ce8ac1d576e:a3e16f9a3178518d64fab9e5f7d169f9c4f7d54e66538a56193c265143fb8fee,absent,457ca5e19b43ad783e316c53ba90cb0e0dc83b7864ae8fc75d7965c6eb03e863,50d878092a1d0f8372d5f97939d2ab8eeac067bcb7084e9645046f9145951d9f,2026-09-05T23:59:59Z,absent,converter 1.1.0; pair c1d0dfddf5a1cd4afbc80101e4bac698443b8bc52b7ea427ea4c17f3e115945c; comparator bi_parity.py sha256:0803a81993929500 (no version constant),de63b641fa38172ce888aa97f09a25556036f18da32f93d96a1775f8593f9858,
view:web_sessions_fact,looker:analytics:view:web_sessions_fact,b001,82b3ab594f0d8f518072f3e1cc4f4ce8ac1d576e:506eb5f834f5ba58df92df13764f75dd69521861599bb74f21f14f63c3affe0b,absent,2554049e4f04d411a34da43eb3aac9cff693f6541379082f63ba6ca5dfd12ef6,50d878092a1d0f8372d5f97939d2ab8eeac067bcb7084e9645046f9145951d9f,2026-09-05T23:59:59Z,absent,converter 1.1.0; pair c1d0dfddf5a1cd4afbc80101e4bac698443b8bc52b7ea427ea4c17f3e115945c; comparator bi_parity.py sha256:0803a81993929500 (no version constant),8902c54965f54f5ed136f3879f54bb3d452f2efb78a236eb97b0234ee8db1955,
view:wh_sessions_attribution,looker:analytics:view:wh_sessions_attribution,b001,82b3ab594f0d8f518072f3e1cc4f4ce8ac1d576e:8743031589d74e89dd36113062dfdc471fe8b55864b401223770bdfdcb824465,absent,e233c379d77c47f6cf805cc10bf75324cd90442a9016671db31e7116c3d6c0e0,50d878092a1d0f8372d5f97939d2ab8eeac067bcb7084e9645046f9145951d9f,2026-09-05T23:59:59Z,absent,converter 1.1.0; pair c1d0dfddf5a1cd4afbc80101e4bac698443b8bc52b7ea427ea4c17f3e115945c; comparator bi_parity.py sha256:0803a81993929500 (no version constant),2eab8b6a57118b23484b131d3be9fea12c0fabb964f59e095f68126add846ba9,
view:bank_account_details,looker:analytics:view:bank_account_details,b001,82b3ab594f0d8f518072f3e1cc4f4ce8ac1d576e:f38dcba2c7554d1e2e170cfaf146a264a116c39bb03d83bbcff9310318afb187,absent,a466d11776ac6d28b42efcd63f41df16e16a4bae1515a1854b051a96368bcfc6,50d878092a1d0f8372d5f97939d2ab8eeac067bcb7084e9645046f9145951d9f,2026-09-05T23:59:59Z,absent,converter 1.1.0; pair c1d0dfddf5a1cd4afbc80101e4bac698443b8bc52b7ea427ea4c17f3e115945c; comparator bi_parity.py sha256:0803a81993929500 (no version constant),189a333a83b66696f507269403d61d2a7f3833afa561f0fe0aa7a70d21f9604d,
view:bank_transactions_fact,looker:analytics:view:bank_transactions_fact,b001,82b3ab594f0d8f518072f3e1cc4f4ce8ac1d576e:5ea64d43ad3f6132d00e0c2b9483aeb23a20a77829e441ddd6e2232620d5890c,absent,b1b6149d2e320b542c31bf2ff541ea7aa0ea45387310da5877914bb94c189ce1,50d878092a1d0f8372d5f97939d2ab8eeac067bcb7084e9645046f9145951d9f,2026-09-05T23:59:59Z,absent,converter 1.1.0; pair c1d0dfddf5a1cd4afbc80101e4bac698443b8bc52b7ea427ea4c17f3e115945c; comparator bi_parity.py sha256:0803a81993929500 (no version constant),b480c67704e9f7ac061558acef690a6b159a5b79b9ebbff862b1d05fff7c334e,
view:chart_of_accounts_dim,looker:analytics:view:chart_of_accounts_dim,b001,82b3ab594f0d8f518072f3e1cc4f4ce8ac1d576e:f9645d65042f21961d42f8dadbc849b145a4f6cc7891fc9edac99aff4622fb10,absent,8ab681aad256cd9c357e77a456559b35ccb693a6f16724f144b8c47ecca5e91e,50d878092a1d0f8372d5f97939d2ab8eeac067bcb7084e9645046f9145951d9f,2026-09-05T23:59:59Z,absent,converter 1.1.0; pair c1d0dfddf5a1cd4afbc80101e4bac698443b8bc52b7ea427ea4c17f3e115945c; comparator bi_parity.py sha256:0803a81993929500 (no version constant),37c364a4d8466e3212666c2afa69bfeb59ccb0334bab2bf80f29ff98a7010781,
view:general_ledger_fact,looker:analytics:view:general_ledger_fact,b001,82b3ab594f0d8f518072f3e1cc4f4ce8ac1d576e:b7c61bf7327ed526573cf1781e5932dcf6406f9891053a534c0a7ff9d5ff1776,absent,de8d829151e7227c26a523c4dbe12d351f4e2b1f95828f6cc73a8d83f5bd0e02,50d878092a1d0f8372d5f97939d2ab8eeac067bcb7084e9645046f9145951d9f,2026-09-05T23:59:59Z,absent,converter 1.1.0; pair c1d0dfddf5a1cd4afbc80101e4bac698443b8bc52b7ea427ea4c17f3e115945c; comparator bi_parity.py sha256:0803a81993929500 (no version constant),84bb5c041e11142424a9e15431dc9bdf5b272e81a44d79665631add54d6c9e8b,
view:monthly_resource_revenue_forecast_fact,looker:analytics:view:monthly_resource_revenue_forecast_fact,b001,82b3ab594f0d8f518072f3e1cc4f4ce8ac1d576e:7f56cdd8a8f46e327cfc44d6039ffcde713e84d8706d76acfe7495262415d513,absent,ed25dab4b3969cb1b59eca57039af4197d2578a12a7d4ed2e69b919e660ad4de,50d878092a1d0f8372d5f97939d2ab8eeac067bcb7084e9645046f9145951d9f,2026-09-05T23:59:59Z,absent,converter 1.1.0; pair c1d0dfddf5a1cd4afbc80101e4bac698443b8bc52b7ea427ea4c17f3e115945c; comparator bi_parity.py sha256:0803a81993929500 (no version constant),303c7f80921327923a6d801ca9bbf8f2ab91ef7c8e62624f17f067e62f236369,
view:profit_and_loss_report_fact,looker:analytics:view:profit_and_loss_report_fact,b001,82b3ab594f0d8f518072f3e1cc4f4ce8ac1d576e:9d43c76e0774c942012707ab011787553837832483a60eed499dd4dd6a36a85b,absent,7d33b0d95ba42e47e6e224d3a2c51c58a9bc831ca94381b470180d68ca52de37,50d878092a1d0f8372d5f97939d2ab8eeac067bcb7084e9645046f9145951d9f,2026-09-05T23:59:59Z,absent,converter 1.1.0; pair c1d0dfddf5a1cd4afbc80101e4bac698443b8bc52b7ea427ea4c17f3e115945c; comparator bi_parity.py sha256:0803a81993929500 (no version constant),c1b49f9a19cad3fb21f89964138656d6e7526bc68924f08c741cd5e5ac73db60,
view:project_engagements,looker:analytics:view:project_engagements,b001,82b3ab594f0d8f518072f3e1cc4f4ce8ac1d576e:5adbb5bc5e86df095db83e89deca6ae4addd7a1e3ede5f4df23b18cd8c340d77,absent,ebe5873dbc4d30f8be8e0a7ec7acf3f31266b5059cfb79c74e1b41001f5e6f63,50d878092a1d0f8372d5f97939d2ab8eeac067bcb7084e9645046f9145951d9f,2026-09-05T23:59:59Z,absent,converter 1.1.0; pair c1d0dfddf5a1cd4afbc80101e4bac698443b8bc52b7ea427ea4c17f3e115945c; comparator bi_parity.py sha256:0803a81993929500 (no version constant),dbac20ee62a63fde4334bfcaa1b2e884122761522e5f7d9432a112c835ed6439,
view:revenue_and_forecast,looker:analytics:view:revenue_and_forecast,b001,82b3ab594f0d8f518072f3e1cc4f4ce8ac1d576e:9abafe6fe918985a0ce135173aa0750eda3771390008f1cc554fca635ae2fedd,absent,b11a71b4c3f2a867167ca8081da958109a044c03c92f1ee25d409caa37af1644,50d878092a1d0f8372d5f97939d2ab8eeac067bcb7084e9645046f9145951d9f,2026-09-05T23:59:59Z,absent,converter 1.1.0; pair c1d0dfddf5a1cd4afbc80101e4bac698443b8bc52b7ea427ea4c17f3e115945c; comparator bi_parity.py sha256:0803a81993929500 (no version constant),3f6d5d01964a1d649cf10a976bb8da521979bae1aae61196be53ede888b8ff15,
view:sales_targets,looker:analytics:view:sales_targets,b001,82b3ab594f0d8f518072f3e1cc4f4ce8ac1d576e:4ecfed03b8579ceb23e871e5a48bbbe499633b7a5c7277d90290927814767c0f,absent,93b0763959c94e5a72ee9f5f3d4ea768bf31bd909c60e599759203dba8bcf0ab,50d878092a1d0f8372d5f97939d2ab8eeac067bcb7084e9645046f9145951d9f,2026-09-05T23:59:59Z,absent,converter 1.1.0; pair c1d0dfddf5a1cd4afbc80101e4bac698443b8bc52b7ea427ea4c17f3e115945c; comparator bi_parity.py sha256:0803a81993929500 (no version constant),cfef454c788b1dd207203461b5cb12246da63390beb2dabcec359a0fbc706335,
view:targets,looker:analytics:view:targets,b001,82b3ab594f0d8f518072f3e1cc4f4ce8ac1d576e:cdf5c2a555a1d37c01170774d4b74d8345562717505de415a56306dd0a949688,absent,8d6c35a3f17544529d1a0931cb5339816b73f007708a35fa50c6c1ec30efc8b7,50d878092a1d0f8372d5f97939d2ab8eeac067bcb7084e9645046f9145951d9f,2026-09-05T23:59:59Z,absent,converter 1.1.0; pair c1d0dfddf5a1cd4afbc80101e4bac698443b8bc52b7ea427ea4c17f3e115945c; comparator bi_parity.py sha256:0803a81993929500 (no version constant),14f3ffc43cbe8c12fc5fb016d4043e13b53c35dd88491b68c6b545890c79d321,
view:companies_dim,looker:analytics:view:companies_dim,b001,82b3ab594f0d8f518072f3e1cc4f4ce8ac1d576e:3b26281241f029fd82a4d78d387c1f170b454e2b81852fdb2f68a7c9457d7d7f,absent,cdff02c2946e0c658f42a4af6c4a2471fbecdc2361a756bcb41f730ccac5bfde,50d878092a1d0f8372d5f97939d2ab8eeac067bcb7084e9645046f9145951d9f,2026-09-05T23:59:59Z,absent,converter 1.1.0; pair c1d0dfddf5a1cd4afbc80101e4bac698443b8bc52b7ea427ea4c17f3e115945c; comparator bi_parity.py sha256:0803a81993929500 (no version constant),2c06aa44311f9c1a82547ba08d4b7ad403ebe398e07c064e9640575c38d5aa52,
view:contacts_dim,looker:analytics:view:contacts_dim,b001,82b3ab594f0d8f518072f3e1cc4f4ce8ac1d576e:17cb49f197afcc7cdc2fa94c7e44ffad200c94954eb40c864d5ee20f17c540de,absent,1ddaa0b2179ab6e97371195ee603a0ae822e300d4f7b9a64161215e9d9ddcecd,50d878092a1d0f8372d5f97939d2ab8eeac067bcb7084e9645046f9145951d9f,2026-09-05T23:59:59Z,absent,converter 1.1.0; pair c1d0dfddf5a1cd4afbc80101e4bac698443b8bc52b7ea427ea4c17f3e115945c; comparator bi_parity.py sha256:0803a81993929500 (no version constant),f92165fea1c24f8ce9dffa6fdd9d045a7e4c1b21a2c9479f7cceaea2c16e298a,
view:customer_meetings,looker:analytics:view:customer_meetings,b001,82b3ab594f0d8f518072f3e1cc4f4ce8ac1d576e:d8d3f32a72e4501f81e335284420bd0096a1a50822955e189f8437820eaee25c,absent,d338c6f70acc8f9a3b33fbda99c85ef66922add26a2cc78072512a3b4a7d7c82,50d878092a1d0f8372d5f97939d2ab8eeac067bcb7084e9645046f9145951d9f,2026-09-05T23:59:59Z,absent,converter 1.1.0; pair c1d0dfddf5a1cd4afbc80101e4bac698443b8bc52b7ea427ea4c17f3e115945c; comparator bi_parity.py sha256:0803a81993929500 (no version constant),6bb704434e95656761bbff7c810fe6a98eeabefd9dc76dbfb78404cc4ac43ee9,
view:delivery_projects_dim,looker:analytics:view:delivery_projects_dim,b001,82b3ab594f0d8f518072f3e1cc4f4ce8ac1d576e:da40deace9706bd05a6f4038277b5a8845c844b4db38c2f5ab2552491fe1a4ab,absent,e12b2d3169ace57da6532a7e184474dd079457561180f5688e49fe03f1c4a298,50d878092a1d0f8372d5f97939d2ab8eeac067bcb7084e9645046f9145951d9f,2026-09-05T23:59:59Z,absent,converter 1.1.0; pair c1d0dfddf5a1cd4afbc80101e4bac698443b8bc52b7ea427ea4c17f3e115945c; comparator bi_parity.py sha256:0803a81993929500 (no version constant),e9b0325a8e1d26a43441372612ff739335ec39b365cec319e00553f8d50e4f03,
view:delivery_tasks_fact,looker:analytics:view:delivery_tasks_fact,b001,82b3ab594f0d8f518072f3e1cc4f4ce8ac1d576e:e1c05615b831cdc302f3dda8e07015c1cf06357d3a2a33db6f7dd168ee0829e8,absent,c14a1ab242fb9ded06dd23dbb006b29371f6ef2db5f467c189f810933f789f48,50d878092a1d0f8372d5f97939d2ab8eeac067bcb7084e9645046f9145951d9f,2026-09-05T23:59:59Z,absent,converter 1.1.0; pair c1d0dfddf5a1cd4afbc80101e4bac698443b8bc52b7ea427ea4c17f3e115945c; comparator bi_parity.py sha256:0803a81993929500 (no version constant),ce8976509a553df4aca9c00a82a69c363cb2bcdf137ccf8486484bae418bee4b,
view:engagements,looker:analytics:view:engagements,b001,82b3ab594f0d8f518072f3e1cc4f4ce8ac1d576e:a46244695769b082623d3368d5a80e5243d85ac9063723922b093b8094509436,absent,7941b7ae77e8245c12c02fd22f599a1b3576d5588136eb61cb3ed7249653247b,50d878092a1d0f8372d5f97939d2ab8eeac067bcb7084e9645046f9145951d9f,2026-09-05T23:59:59Z,absent,converter 1.1.0; pair c1d0dfddf5a1cd4afbc80101e4bac698443b8bc52b7ea427ea4c17f3e115945c; comparator bi_parity.py sha256:0803a81993929500 (no version constant),18a8b938741d0a3dc9544658316c9665734d9f06a7c706365b39666e6478ebf7,
view:exchange_rates,looker:analytics:view:exchange_rates,b001,82b3ab594f0d8f518072f3e1cc4f4ce8ac1d576e:9b7c0b61fd12bc6191a5bdc6ea87ffcf53171062028333427d19f588ef5951b0,absent,a9cea095dd4d8b189ec2d554e04f78d4d9bb97aa7da1c80974b2ad4841f93063,50d878092a1d0f8372d5f97939d2ab8eeac067bcb7084e9645046f9145951d9f,2026-09-05T23:59:59Z,absent,converter 1.1.0; pair c1d0dfddf5a1cd4afbc80101e4bac698443b8bc52b7ea427ea4c17f3e115945c; comparator bi_parity.py sha256:0803a81993929500 (no version constant),819f60acc039da398417fb4010b9d3fb49a278c8a4d468e8081d2762e9cd91b3,
view:invoices_fact,looker:analytics:view:invoices_fact,b001,82b3ab594f0d8f518072f3e1cc4f4ce8ac1d576e:c43c0080aca35df098c5d8bc900a77d349512d84a76934c3b7c1cff3a971e6d9,absent,3b1a356e02ed5edcbb3f8765939ab132b671db861e480d8b665a597fc9a2cf18,50d878092a1d0f8372d5f97939d2ab8eeac067bcb7084e9645046f9145951d9f,2026-09-05T23:59:59Z,absent,converter 1.1.0; pair c1d0dfddf5a1cd4afbc80101e4bac698443b8bc52b7ea427ea4c17f3e115945c; comparator bi_parity.py sha256:0803a81993929500 (no version constant),77b730c42da5fc541f09041b25dde496ed2cce3e5aad5d1a85c4255a19cf8a31,
view:meeting_contact_lines_fact,looker:analytics:view:meeting_contact_lines_fact,b001,82b3ab594f0d8f518072f3e1cc4f4ce8ac1d576e:30e8aaf8a96611087d976585387cadeb0e002345a24b76cc395a353d1f520c06,absent,9705beba64b7b092f56967d5baf1d242551913f852bbd24e659b36dbb3894d94,50d878092a1d0f8372d5f97939d2ab8eeac067bcb7084e9645046f9145951d9f,2026-09-05T23:59:59Z,absent,converter 1.1.0; pair c1d0dfddf5a1cd4afbc80101e4bac698443b8bc52b7ea427ea4c17f3e115945c; comparator bi_parity.py sha256:0803a81993929500 (no version constant),ba1487345fa8975134f3086bee1e0de9c2c9a14131eec40daa2de635ffa7b211,
view:messages_fact,looker:analytics:view:messages_fact,b001,82b3ab594f0d8f518072f3e1cc4f4ce8ac1d576e:07886d2c3bb7b47bfba1e58598208dd54cc1d301783e8b000182a312c2b5fb50,absent,1b45743a5bb4df80003b3436d0ae0fb6600e3dfeee350786393dfed5992228bf,50d878092a1d0f8372d5f97939d2ab8eeac067bcb7084e9645046f9145951d9f,2026-09-05T23:59:59Z,absent,converter 1.1.0; pair c1d0dfddf5a1cd4afbc80101e4bac698443b8bc52b7ea427ea4c17f3e115945c; comparator bi_parity.py sha256:0803a81993929500 (no version constant),263df804965b04499d40672d1bbf9d39b994c947290451c3275e9d9f1a87ae9a,
view:nps_survey_results_fact,looker:analytics:view:nps_survey_results_fact,b001,82b3ab594f0d8f518072f3e1cc4f4ce8ac1d576e:f228ced485de5a5fc64881255fe88ed620ce377062486553e9d98277266f0962,absent,ad7219edb9fc033e204829bbc2b6f380b771ad479c99f07202f08af59028bcf8,50d878092a1d0f8372d5f97939d2ab8eeac067bcb7084e9645046f9145951d9f,2026-09-05T23:59:59Z,absent,converter 1.1.0; pair c1d0dfddf5a1cd4afbc80101e4bac698443b8bc52b7ea427ea4c17f3e115945c; comparator bi_parity.py sha256:0803a81993929500 (no version constant),2b7b7238ffc32af11d3871bb66383efcc7122302bffd2c35dfe90797b2c614c8,
view:payments_fact,looker:analytics:view:payments_fact,b001,82b3ab594f0d8f518072f3e1cc4f4ce8ac1d576e:f095f6aa15e438ef918f996ad4efe20978b96b25c65dc09205fcda022879f561,absent,7b52f5438ffd9f58562571af72f680a63322ab3dbf14ffb92f014e6d0ff3a60a,50d878092a1d0f8372d5f97939d2ab8eeac067bcb7084e9645046f9145951d9f,2026-09-05T23:59:59Z,absent,converter 1.1.0; pair c1d0dfddf5a1cd4afbc80101e4bac698443b8bc52b7ea427ea4c17f3e115945c; comparator bi_parity.py sha256:0803a81993929500 (no version constant),2595ee1287cb013124fc9fbdd1db078ec756aebb6b634f585ac3c8f2a3557131,
view:timesheet_projects_dim,looker:analytics:view:timesheet_projects_dim,b001,82b3ab594f0d8f518072f3e1cc4f4ce8ac1d576e:d53481cdbb93e806c7cdef8edd7273c9d4e4146298bfd3b97eebbda7e248bc93,absent,82c108bbfdd647b8e7d9bb706a40a439852702cdffab537a4e5eeba2afe051e5,50d878092a1d0f8372d5f97939d2ab8eeac067bcb7084e9645046f9145951d9f,2026-09-05T23:59:59Z,absent,converter 1.1.0; pair c1d0dfddf5a1cd4afbc80101e4bac698443b8bc52b7ea427ea4c17f3e115945c; comparator bi_parity.py sha256:0803a81993929500 (no version constant),3c91650bb19cd2ebd94812f4668cef27b9d3dcd6474ff0ca8fd794f5ed977768,
view:timesheet_tasks_dim,looker:analytics:view:timesheet_tasks_dim,b001,82b3ab594f0d8f518072f3e1cc4f4ce8ac1d576e:55b2c05a416dcd1a6a2a0e1f93218a5634ffcd844e50486645e0163863b6b168,absent,3b70fe7d8670c32ea81c16bfda1a76e68a8c56e6361aacb4053c9c3cbe364fd6,50d878092a1d0f8372d5f97939d2ab8eeac067bcb7084e9645046f9145951d9f,2026-09-05T23:59:59Z,absent,converter 1.1.0; pair c1d0dfddf5a1cd4afbc80101e4bac698443b8bc52b7ea427ea4c17f3e115945c; comparator bi_parity.py sha256:0803a81993929500 (no version constant),36e4650056be718f3fb29d45b58278cac00111074cead82e9679d6f7244d4782,
view:timesheets_fact,looker:analytics:view:timesheets_fact,b001,82b3ab594f0d8f518072f3e1cc4f4ce8ac1d576e:f56ab9e6247399adc9192645de0fa6015d2a48de68576d743f231007ad29b7c5,absent,9179e8fec238ec1233c2d4775821e196768df638b8648a5dfc6c9272d9b2b18b,50d878092a1d0f8372d5f97939d2ab8eeac067bcb7084e9645046f9145951d9f,2026-09-05T23:59:59Z,absent,converter 1.1.0; pair c1d0dfddf5a1cd4afbc80101e4bac698443b8bc52b7ea427ea4c17f3e115945c; comparator bi_parity.py sha256:0803a81993929500 (no version constant),49f939467d28ef2fbf118ccbf227763bdce89f5038d24689e8aee101a0b608dc,
view:client_prospect_status_dim,looker:analytics:view:client_prospect_status_dim,b001,82b3ab594f0d8f518072f3e1cc4f4ce8ac1d576e:d7455b5bfe408827f3a0b6968e236d5b1cde8af13d709ce7be86a01fad8faa03,absent,4bafe5d613636bd7f1167b86800e59e427d2f6fe0aa7fd984bdfb516ffd19c55,50d878092a1d0f8372d5f97939d2ab8eeac067bcb7084e9645046f9145951d9f,2026-09-05T23:59:59Z,absent,converter 1.1.0; pair c1d0dfddf5a1cd4afbc80101e4bac698443b8bc52b7ea427ea4c17f3e115945c; comparator bi_parity.py sha256:0803a81993929500 (no version constant),6f144aa0143d91a04b947a51783b70bd555023248a4e725196cd2d7b8e2d59c2,
view:companies_dim__all_company_ids,looker:analytics:view:companies_dim__all_company_ids,b001,82b3ab594f0d8f518072f3e1cc4f4ce8ac1d576e:3b26281241f029fd82a4d78d387c1f170b454e2b81852fdb2f68a7c9457d7d7f,absent,bf67bc07c33b125f8eef2c94cf8fb194c65f0d91577fabffc48ff48f946e4ea1,50d878092a1d0f8372d5f97939d2ab8eeac067bcb7084e9645046f9145951d9f,2026-09-05T23:59:59Z,absent,converter 1.1.0; pair c1d0dfddf5a1cd4afbc80101e4bac698443b8bc52b7ea427ea4c17f3e115945c; comparator bi_parity.py sha256:0803a81993929500 (no version constant),cd6104894263119b1c4b656a9497690464a041022b945924d394c11d7fdb5ad7,
view:company_converted_projects,looker:analytics:view:company_converted_projects,b001,82b3ab594f0d8f518072f3e1cc4f4ce8ac1d576e:72a5f91d6f5889d6ef16952d2176a33539010ce1d6d2d20f65e77d96811e7464,absent,f5cf640fa442cce7874fa862522c39eb1414541b3a56fbba30a21a1c49fe6efd,50d878092a1d0f8372d5f97939d2ab8eeac067bcb7084e9645046f9145951d9f,2026-09-05T23:59:59Z,absent,converter 1.1.0; pair c1d0dfddf5a1cd4afbc80101e4bac698443b8bc52b7ea427ea4c17f3e115945c; comparator bi_parity.py sha256:0803a81993929500 (no version constant),d7c98f0f7d2be7af1f8588356106c95d0df5f7195763da7f68d6f1961c747c0e,
view:company_deal_value_attribute,looker:analytics:view:company_deal_value_attribute,b001,82b3ab594f0d8f518072f3e1cc4f4ce8ac1d576e:e1179af3a67121dc76a28609f4812f12ea885bf600b5202f936f89a0d9527e3d,absent,32d65fbecd9b5aa8ad940825cc0b318f0cacc805b2c0171bb97b1dd8af045ca0,50d878092a1d0f8372d5f97939d2ab8eeac067bcb7084e9645046f9145951d9f,2026-09-05T23:59:59Z,absent,converter 1.1.0; pair c1d0dfddf5a1cd4afbc80101e4bac698443b8bc52b7ea427ea4c17f3e115945c; comparator bi_parity.py sha256:0803a81993929500 (no version constant),a507ec98d89d3979f01a8e8ad9b3376058de2f78a004dcf4416efe7e2d96a449,
view:contact_companies_fact,looker:analytics:view:contact_companies_fact,b001,82b3ab594f0d8f518072f3e1cc4f4ce8ac1d576e:24fc4ff77062d5ea7931ff9cf6a5ba145f68ffb70023ddf35eaa98e64b5181f9,absent,357d9722b8afe6d82afcb2885f3fb54e3ae899224821dae951e7ce414190fd9e,50d878092a1d0f8372d5f97939d2ab8eeac067bcb7084e9645046f9145951d9f,2026-09-05T23:59:59Z,absent,converter 1.1.0; pair c1d0dfddf5a1cd4afbc80101e4bac698443b8bc52b7ea427ea4c17f3e115945c; comparator bi_parity.py sha256:0803a81993929500 (no version constant),a5db5cfe18388c666896c9dce6eccb6ef2d8a7e205b73151bc723f9599483a6b,
view:contact_meetings_fact,looker:analytics:view:contact_meetings_fact,b001,82b3ab594f0d8f518072f3e1cc4f4ce8ac1d576e:d29c1d1ace67c2239eaea2a7800c1e69752bd5c922f5d83ae67f13873391752d,absent,1e2a24e73560a0c358151a63d2f2e2d2163195befe5800b5e8ec10c41391575c,50d878092a1d0f8372d5f97939d2ab8eeac067bcb7084e9645046f9145951d9f,2026-09-05T23:59:59Z,absent,converter 1.1.0; pair c1d0dfddf5a1cd4afbc80101e4bac698443b8bc52b7ea427ea4c17f3e115945c; comparator bi_parity.py sha256:0803a81993929500 (no version constant),4870bd006bdbb4b1266b09fc577c75d9607d5668b9623bdd8ca9428428b49af5,
view:contracts_fact,looker:analytics:view:contracts_fact,b001,82b3ab594f0d8f518072f3e1cc4f4ce8ac1d576e:2fb6edd217572f0f1aacfdddf1b2e6c22646e55ad25c5c6cb291d4a6087d546e,absent,64e47652c4e5f54c7bca4ce6593132fe88d6acf74d2ad8a0254237208575a9dc,50d878092a1d0f8372d5f97939d2ab8eeac067bcb7084e9645046f9145951d9f,2026-09-05T23:59:59Z,absent,converter 1.1.0; pair c1d0dfddf5a1cd4afbc80101e4bac698443b8bc52b7ea427ea4c17f3e115945c; comparator bi_parity.py sha256:0803a81993929500 (no version constant),9ad2015b02f76e1209550abebd27960ce3ae6c08b6e43bf2fd856529f099e6b8,
view:customer_first_deal_cohorts,looker:analytics:view:customer_first_deal_cohorts,b001,82b3ab594f0d8f518072f3e1cc4f4ce8ac1d576e:36be6aa71b86c570c9a815042cfc97fd13d355c25d923bc4ca4b200994909124,absent,729b7fed1efc6ded2b8cb7d222c2f986bd1247d39f5cd572f2ff85c855951d8b,50d878092a1d0f8372d5f97939d2ab8eeac067bcb7084e9645046f9145951d9f,2026-09-05T23:59:59Z,absent,converter 1.1.0; pair c1d0dfddf5a1cd4afbc80101e4bac698443b8bc52b7ea427ea4c17f3e115945c; comparator bi_parity.py sha256:0803a81993929500 (no version constant),3ac4cbcf57129e32f4beebed8969793145bd24fc5cf419afd2f7b7e9cec8fcc4,
view:customer_first_order_segments,looker:analytics:view:customer_first_order_segments,b001,82b3ab594f0d8f518072f3e1cc4f4ce8ac1d576e:954654dd2d75eb9f49c3acb407889632d96fd587c3aeea184d530f9637d62ac2,absent,bda2db14f27caa44b12dd553a75a09c3961c3766bcab7367188d598ff57f2e27,50d878092a1d0f8372d5f97939d2ab8eeac067bcb7084e9645046f9145951d9f,2026-09-05T23:59:59Z,absent,converter 1.1.0; pair c1d0dfddf5a1cd4afbc80101e4bac698443b8bc52b7ea427ea4c17f3e115945c; comparator bi_parity.py sha256:0803a81993929500 (no version constant),6d55a09f2571ead04868a7184e7313480e22ff73d539fe4d49b2d15a0e10760a,
view:deal_pipeline_history,looker:analytics:view:deal_pipeline_history,b001,82b3ab594f0d8f518072f3e1cc4f4ce8ac1d576e:b5d58e1bafee7853d7822583d55aab8917c11d7e930c231377e8b89ba3c25fe9,absent,40b706ac4c8e7a504476ed0b63a31909d3b20656e9424df42de70d8e1ff12054,50d878092a1d0f8372d5f97939d2ab8eeac067bcb7084e9645046f9145951d9f,2026-09-05T23:59:59Z,absent,converter 1.1.0; pair c1d0dfddf5a1cd4afbc80101e4bac698443b8bc52b7ea427ea4c17f3e115945c; comparator bi_parity.py sha256:0803a81993929500 (no version constant),e1963058dc6aa02d0017ef5b506cbb0368e2b282362b5373e2a1dab72e33aa57,
view:deals_fact,looker:analytics:view:deals_fact,b001,82b3ab594f0d8f518072f3e1cc4f4ce8ac1d576e:e352f814f6abf394d7c032e84d51d70a5b36f2b5e18f7f264be93da8a10d846a,absent,8e352b2e9450081a7abaf0d6552a74b38b3d8eacf7da23ffc9f8b6fd7550e185,50d878092a1d0f8372d5f97939d2ab8eeac067bcb7084e9645046f9145951d9f,2026-09-05T23:59:59Z,absent,converter 1.1.0; pair c1d0dfddf5a1cd4afbc80101e4bac698443b8bc52b7ea427ea4c17f3e115945c; comparator bi_parity.py sha256:0803a81993929500 (no version constant),3394bb3a02a6fce8327c65d976731ded5765fc5aa18dfb4a5c32709f2ad3a123,
view:delivery_project_docs_dim,looker:analytics:view:delivery_project_docs_dim,b001,82b3ab594f0d8f518072f3e1cc4f4ce8ac1d576e:7f669b3062ef5d2922b864565f901033cc24f06c6c91c90a6cec55141bd7051f,absent,a5010f7d05635c694dcfc93ca76b43d378babdab424595696483e50e9d59deb3,50d878092a1d0f8372d5f97939d2ab8eeac067bcb7084e9645046f9145951d9f,2026-09-05T23:59:59Z,absent,converter 1.1.0; pair c1d0dfddf5a1cd4afbc80101e4bac698443b8bc52b7ea427ea4c17f3e115945c; comparator bi_parity.py sha256:0803a81993929500 (no version constant),0ce088e3149b0cac2bbd4c5975d804d042286309539e2f60c950efaf9276e171,
view:delivery_task_history,looker:analytics:view:delivery_task_history,b001,82b3ab594f0d8f518072f3e1cc4f4ce8ac1d576e:bb4ed00078280cc53fe640a1a40b7d54a33f565cfa824a1e327b38d13963baec,absent,cad0c60880510a2517c416e38bbcd815913d4c1ea06cc95a1407582b1c56c7bf,50d878092a1d0f8372d5f97939d2ab8eeac067bcb7084e9645046f9145951d9f,2026-09-05T23:59:59Z,absent,converter 1.1.0; pair c1d0dfddf5a1cd4afbc80101e4bac698443b8bc52b7ea427ea4c17f3e115945c; comparator bi_parity.py sha256:0803a81993929500 (no version constant),7b09c58cf717e45ffaf04791403c55c0057481985cfa7bff4b7b20ad29b9827f,
view:engagement_details,looker:analytics:view:engagement_details,b001,82b3ab594f0d8f518072f3e1cc4f4ce8ac1d576e:b873d46d41ba598802d56175528ec5667be4c3ea9f5e3697521e4a51c24d96c3,absent,e4a9fd982e8b164886f4207dfafd9debbeaaa1c4889fb3ef8644bc8b656e9328,50d878092a1d0f8372d5f97939d2ab8eeac067bcb7084e9645046f9145951d9f,2026-09-05T23:59:59Z,absent,converter 1.1.0; pair c1d0dfddf5a1cd4afbc80101e4bac698443b8bc52b7ea427ea4c17f3e115945c; comparator bi_parity.py sha256:0803a81993929500 (no version constant),fad23e058f7293136bef769aa9dbbea1598445c6e9fca07fc90bdf3e58dd6480,
view:engagement_details__deliverables,looker:analytics:view:engagement_details__deliverables,b001,82b3ab594f0d8f518072f3e1cc4f4ce8ac1d576e:b873d46d41ba598802d56175528ec5667be4c3ea9f5e3697521e4a51c24d96c3,absent,b719cf973654f41499e383493fe2d110c1a9df03dd7500f4320c859105be997e,50d878092a1d0f8372d5f97939d2ab8eeac067bcb7084e9645046f9145951d9f,2026-09-05T23:59:59Z,absent,converter 1.1.0; pair c1d0dfddf5a1cd4afbc80101e4bac698443b8bc52b7ea427ea4c17f3e115945c; comparator bi_parity.py sha256:0803a81993929500 (no version constant),7c1e3b94c634227dd5f2cecd878f2b732877df8da2bb8b1032bf08ac8088a5c4,
view:engagement_details__objectives,looker:analytics:view:engagement_details__objectives,b001,82b3ab594f0d8f518072f3e1cc4f4ce8ac1d576e:b873d46d41ba598802d56175528ec5667be4c3ea9f5e3697521e4a51c24d96c3,absent,d318b89b22a69c58760013bd937b86f83c949238ed58cf316cc5ce4e4a0d781a,50d878092a1d0f8372d5f97939d2ab8eeac067bcb7084e9645046f9145951d9f,2026-09-05T23:59:59Z,absent,converter 1.1.0; pair c1d0dfddf5a1cd4afbc80101e4bac698443b8bc52b7ea427ea4c17f3e115945c; comparator bi_parity.py sha256:0803a81993929500 (no version constant),253d6c5ed2d16bafdd3cb48f89339e942896cc64fb7af8f5c84997a767e987eb,
view:persons_dim,looker:analytics:view:persons_dim,b001,82b3ab594f0d8f518072f3e1cc4f4ce8ac1d576e:70794869ff29d5231f6d7389893f0d6b89106d4c4f722d555a737d8aae0c0a92,absent,0bfff8e6e132bcd9ce85db992ad6ed78185d962baa233877983099702f339e0b,50d878092a1d0f8372d5f97939d2ab8eeac067bcb7084e9645046f9145951d9f,2026-09-05T23:59:59Z,absent,converter 1.1.0; pair c1d0dfddf5a1cd4afbc80101e4bac698443b8bc52b7ea427ea4c17f3e115945c; comparator bi_parity.py sha256:0803a81993929500 (no version constant),e7a2dcf2abe0c729524b4f23153bbe5ae406568c604994c2a30f9ed5663023f0,
view:projects_delivered_is_ontime,looker:analytics:view:projects_delivered_is_ontime,b001,82b3ab594f0d8f518072f3e1cc4f4ce8ac1d576e:dda7c5970f285df7ecab4d6b8c4a86713f6ab41aca9469e558844ff0ae86cb37,absent,9a47cf2e0d5f743c2434215c4a7a729206b65decf20c654ecad9fbdb9ddc7484,50d878092a1d0f8372d5f97939d2ab8eeac067bcb7084e9645046f9145951d9f,2026-09-05T23:59:59Z,absent,converter 1.1.0; pair c1d0dfddf5a1cd4afbc80101e4bac698443b8bc52b7ea427ea4c17f3e115945c; comparator bi_parity.py sha256:0803a81993929500 (no version constant),031b173025661e9b3935bf2e9de1d169667126a756bd9e05e56a331c37d0a141,
view:recognized_revenue_fact,looker:analytics:view:recognized_revenue_fact,b001,82b3ab594f0d8f518072f3e1cc4f4ce8ac1d576e:c74b56c489d94a36c169c96915f2c67493e35d9240c3dc4b5d32c414f4f18bea,absent,6aa0b43aac5386f1175f0ff2374e4999f84ce62fb96d450d7248ff7ec3db896b,50d878092a1d0f8372d5f97939d2ab8eeac067bcb7084e9645046f9145951d9f,2026-09-05T23:59:59Z,absent,converter 1.1.0; pair c1d0dfddf5a1cd4afbc80101e4bac698443b8bc52b7ea427ea4c17f3e115945c; comparator bi_parity.py sha256:0803a81993929500 (no version constant),bd5c4d6c5eb40d3a92fcbb97d88d9738fc971c192983e34d2f744188d8125e6f,
view:rfm_model,looker:analytics:view:rfm_model,b001,82b3ab594f0d8f518072f3e1cc4f4ce8ac1d576e:1e433df595cf3aa4996de2fff8d10cd28258695ad6abffaaab8d987cb8328f3b,absent,688421c5e0d57d82c92ae8311c7630b258ff5d6c4c8627d10589f0f5df8fd331,50d878092a1d0f8372d5f97939d2ab8eeac067bcb7084e9645046f9145951d9f,2026-09-05T23:59:59Z,absent,converter 1.1.0; pair c1d0dfddf5a1cd4afbc80101e4bac698443b8bc52b7ea427ea4c17f3e115945c; comparator bi_parity.py sha256:0803a81993929500 (no version constant),2624f27e7f58471abe6970a008a97598f17efc2a7cb9445f5a4816d8a7ab1a89,
view:src_control_daily_metrics_fact,looker:analytics:view:src_control_daily_metrics_fact,b001,82b3ab594f0d8f518072f3e1cc4f4ce8ac1d576e:316bb9cbe60591bd5f94891986ef3f1ea6823f99a4cd59eaf3acccae63116929,absent,cffa2846749d61bff9c692abae9c95af218cfcd4454740d83feacad4b533786f,50d878092a1d0f8372d5f97939d2ab8eeac067bcb7084e9645046f9145951d9f,2026-09-05T23:59:59Z,absent,converter 1.1.0; pair c1d0dfddf5a1cd4afbc80101e4bac698443b8bc52b7ea427ea4c17f3e115945c; comparator bi_parity.py sha256:0803a81993929500 (no version constant),eb6cb3c71a4c309352af97e5204f6acb1951099975323b4d97bd827bf8a61471,
view:src_control_pull_requests_fact,looker:analytics:view:src_control_pull_requests_fact,b001,82b3ab594f0d8f518072f3e1cc4f4ce8ac1d576e:7bc00031aab8dfe4bc6fda3e47e5362e0d68ce760db795b2d5d8b2583f60b61f,absent,4ea43aae3986ba5fea71b292960cd66aa2c00e8e80dc84647d4d5cefd18dc130,50d878092a1d0f8372d5f97939d2ab8eeac067bcb7084e9645046f9145951d9f,2026-09-05T23:59:59Z,absent,converter 1.1.0; pair c1d0dfddf5a1cd4afbc80101e4bac698443b8bc52b7ea427ea4c17f3e115945c; comparator bi_parity.py sha256:0803a81993929500 (no version constant),b38b8c5d6779b3ea9b9ea460b3a56c8f397ecae9de982bd97e07334f8fd4111b,
view:src_control_repos_dim,looker:analytics:view:src_control_repos_dim,b001,82b3ab594f0d8f518072f3e1cc4f4ce8ac1d576e:f314c3bd8a5d8611b7da8cd2037bbd391a7ede13b27651f6e88b6f979de777bf,absent,b77200945411ea1a57c3d31572bbde237f15397efb8c2bc509ea068ae74b64ea,50d878092a1d0f8372d5f97939d2ab8eeac067bcb7084e9645046f9145951d9f,2026-09-05T23:59:59Z,absent,converter 1.1.0; pair c1d0dfddf5a1cd4afbc80101e4bac698443b8bc52b7ea427ea4c17f3e115945c; comparator bi_parity.py sha256:0803a81993929500 (no version constant),6cdda3a7d27dcfbe793fa4998e47d250178335178af7fd935b4727ea7efc0131,
view:team_revenue_targets,looker:analytics:view:team_revenue_targets,b001,82b3ab594f0d8f518072f3e1cc4f4ce8ac1d576e:6302219ff360b8361fab0d9bc5296fe58be57b985ce39f5c4c8e7123b37fb405,absent,bd7a01a670f905f9e81baac25b8364a4241f1dadb17c5374936b0b6840a10dfc,50d878092a1d0f8372d5f97939d2ab8eeac067bcb7084e9645046f9145951d9f,2026-09-05T23:59:59Z,absent,converter 1.1.0; pair c1d0dfddf5a1cd4afbc80101e4bac698443b8bc52b7ea427ea4c17f3e115945c; comparator bi_parity.py sha256:0803a81993929500 (no version constant),d81336f1c54af397d4c0284b146f9c2c012df5c76ccd4ac27c7b86cfd0dc31e7,
view:timesheet_project_costs_fact,looker:analytics:view:timesheet_project_costs_fact,b001,82b3ab594f0d8f518072f3e1cc4f4ce8ac1d576e:38d1db777dbd6a1df4a0ffd1284dddab49652fe6267a970e49507b077237affb,absent,18132faa48c1996c9b4272001713f8cfb596908c7e03e3fb730f0584cd605a2c,50d878092a1d0f8372d5f97939d2ab8eeac067bcb7084e9645046f9145951d9f,2026-09-05T23:59:59Z,absent,converter 1.1.0; pair c1d0dfddf5a1cd4afbc80101e4bac698443b8bc52b7ea427ea4c17f3e115945c; comparator bi_parity.py sha256:0803a81993929500 (no version constant),eda44872df974b5afa700cd94696458221dfc7b4a97989e2fbc1c5cc3d22f9a1,
view:timesheet_project_engagement_rag_status_fact,looker:analytics:view:timesheet_project_engagement_rag_status_fact,b001,82b3ab594f0d8f518072f3e1cc4f4ce8ac1d576e:62f48f6c584804cff18a705f5ea56a4de17cba926b00fb89da078e38c47ac05a,absent,c08f252a663ef2cb4898713aa2a52c32625d8102e6bf629cdd4d095965bb8fd0,50d878092a1d0f8372d5f97939d2ab8eeac067bcb7084e9645046f9145951d9f,2026-09-05T23:59:59Z,absent,converter 1.1.0; pair c1d0dfddf5a1cd4afbc80101e4bac698443b8bc52b7ea427ea4c17f3e115945c; comparator bi_parity.py sha256:0803a81993929500 (no version constant),e5e5d8aa2291aa281f35a3bb4c3ec1708d25cb1607006d540a8c7490947eb645,
view:timesheet_project_engagement_rag_status_fact__client_action_points,looker:analytics:view:timesheet_project_engagement_rag_status_fact__client_action_points,b001,82b3ab594f0d8f518072f3e1cc4f4ce8ac1d576e:62f48f6c584804cff18a705f5ea56a4de17cba926b00fb89da078e38c47ac05a,absent,ce480a72a09d54a1e0794a8bd135d0867efaf52e811c494cba013ba074c8d617,50d878092a1d0f8372d5f97939d2ab8eeac067bcb7084e9645046f9145951d9f,2026-09-05T23:59:59Z,absent,converter 1.1.0; pair c1d0dfddf5a1cd4afbc80101e4bac698443b8bc52b7ea427ea4c17f3e115945c; comparator bi_parity.py sha256:0803a81993929500 (no version constant),9c860579b3c82b5cd99fbfc421212397e71b8a8bdd3d07de8ae04af971dcff89,
view:timesheet_project_engagement_rag_status_fact__month_timeline_events,looker:analytics:view:timesheet_project_engagement_rag_status_fact__month_timeline_events,b001,82b3ab594f0d8f518072f3e1cc4f4ce8ac1d576e:62f48f6c584804cff18a705f5ea56a4de17cba926b00fb89da078e38c47ac05a,absent,5626d85d9e1bdaaa8986cc4dc4d5f747b2487bb356d98301ae2282f60ba8ad25,50d878092a1d0f8372d5f97939d2ab8eeac067bcb7084e9645046f9145951d9f,2026-09-05T23:59:59Z,absent,converter 1.1.0; pair c1d0dfddf5a1cd4afbc80101e4bac698443b8bc52b7ea427ea4c17f3e115945c; comparator bi_parity.py sha256:0803a81993929500 (no version constant),d7e833163be423b555aa87021dc6d1def0cec6771b8c2f748b3c4f050df9555c,
view:timesheet_project_engagement_rag_status_fact__ra_action_points,looker:analytics:view:timesheet_project_engagement_rag_status_fact__ra_action_points,b001,82b3ab594f0d8f518072f3e1cc4f4ce8ac1d576e:62f48f6c584804cff18a705f5ea56a4de17cba926b00fb89da078e38c47ac05a,absent,4847706ac0bb5c46787219b245ee61f886c61c297270ff00452a262beb122ffe,50d878092a1d0f8372d5f97939d2ab8eeac067bcb7084e9645046f9145951d9f,2026-09-05T23:59:59Z,absent,converter 1.1.0; pair c1d0dfddf5a1cd4afbc80101e4bac698443b8bc52b7ea427ea4c17f3e115945c; comparator bi_parity.py sha256:0803a81993929500 (no version constant),2ad812bf5942f6b9994693cd431ac683c989bf28e4821b6fec8d2f335c8ddc84,
view:timesheet_project_engagements_dim__projects,looker:analytics:view:timesheet_project_engagements_dim__projects,b001,82b3ab594f0d8f518072f3e1cc4f4ce8ac1d576e:a46244695769b082623d3368d5a80e5243d85ac9063723922b093b8094509436,absent,dd1a24a8edafe07d6919aac175145c0f208614cd7405c702e559d3b149f5ae06,50d878092a1d0f8372d5f97939d2ab8eeac067bcb7084e9645046f9145951d9f,2026-09-05T23:59:59Z,absent,converter 1.1.0; pair c1d0dfddf5a1cd4afbc80101e4bac698443b8bc52b7ea427ea4c17f3e115945c; comparator bi_parity.py sha256:0803a81993929500 (no version constant),a89fab427dc871ecb3f15f74b0f5773a6edac785ffe6df3c0ae923c800cd4c68,
view:timesheet_project_stakeholder_jtbd_fact,looker:analytics:view:timesheet_project_stakeholder_jtbd_fact,b001,82b3ab594f0d8f518072f3e1cc4f4ce8ac1d576e:6ae7b452bbd0953652852b094d1f20daa900a93f1ad362b44026be770d1ee388,absent,3b009ca7a7179ee17bbbf1b8029429572a52e9de8fae595138ce1548215d101b,50d878092a1d0f8372d5f97939d2ab8eeac067bcb7084e9645046f9145951d9f,2026-09-05T23:59:59Z,absent,converter 1.1.0; pair c1d0dfddf5a1cd4afbc80101e4bac698443b8bc52b7ea427ea4c17f3e115945c; comparator bi_parity.py sha256:0803a81993929500 (no version constant),c4b606b2fe305e9063f0c70f180969f2cf3dae0c540ad7361104b41984833075,
view:timesheet_project_stakeholder_jtbd_fact__identified_jtbds,looker:analytics:view:timesheet_project_stakeholder_jtbd_fact__identified_jtbds,b001,82b3ab594f0d8f518072f3e1cc4f4ce8ac1d576e:6ae7b452bbd0953652852b094d1f20daa900a93f1ad362b44026be770d1ee388,absent,56454abde639c76d01ba3ffc2cb7c5ee0fa6b54913ff9a1d81fc56beaedb0dce,50d878092a1d0f8372d5f97939d2ab8eeac067bcb7084e9645046f9145951d9f,2026-09-05T23:59:59Z,absent,converter 1.1.0; pair c1d0dfddf5a1cd4afbc80101e4bac698443b8bc52b7ea427ea4c17f3e115945c; comparator bi_parity.py sha256:0803a81993929500 (no version constant),5d64587e01a75497d4062f555953147bd42f9726b12ba57b7ecc5020676a8c4c,
view:timesheet_project_stakeholder_jtbd_fact__keywords,looker:analytics:view:timesheet_project_stakeholder_jtbd_fact__keywords,b001,82b3ab594f0d8f518072f3e1cc4f4ce8ac1d576e:6ae7b452bbd0953652852b094d1f20daa900a93f1ad362b44026be770d1ee388,absent,c8c6dc6e1359af3af864f7c7dad40a4d0789e5b503dbaa66425c46eed39359de,50d878092a1d0f8372d5f97939d2ab8eeac067bcb7084e9645046f9145951d9f,2026-09-05T23:59:59Z,absent,converter 1.1.0; pair c1d0dfddf5a1cd4afbc80101e4bac698443b8bc52b7ea427ea4c17f3e115945c; comparator bi_parity.py sha256:0803a81993929500 (no version constant),b149109eb665e2088dd0760087d78d0e21945e1d29e85da1633a3a945bb24322,
tile:267/2501,looker:analytics:dashboard:267/element:2501,b001,82b3ab594f0d8f518072f3e1cc4f4ce8ac1d576e:fd78dcefdfb256ebbeae1298a77c5637ffa4f4a26b9e88029cbb99f284fd660a,absent,073c4c4175f66d796b4543d22def91ade1106d7d2265353f6d4a5d9a345153b9,50d878092a1d0f8372d5f97939d2ab8eeac067bcb7084e9645046f9145951d9f,2026-09-05T23:59:59Z,absent,converter 1.1.0; pair c1d0dfddf5a1cd4afbc80101e4bac698443b8bc52b7ea427ea4c17f3e115945c; comparator bi_parity.py sha256:0803a81993929500 (no version constant),4090b8b610c37328fc2be7fe279c8ea81fac10fff6b89989278d5c00302a7a72,
tile:267/2514,looker:analytics:dashboard:267/element:2514,b001,82b3ab594f0d8f518072f3e1cc4f4ce8ac1d576e:1a99420a7a4ea1bc03a5620c1e4f1d13b8ab6967912716e4d09ce8cf9e78bcc9,absent,a31ebb64c1fc8147b50fe0925cb8c0eb75c72fa0573491784db8ebe6c927fbf4,50d878092a1d0f8372d5f97939d2ab8eeac067bcb7084e9645046f9145951d9f,2026-09-05T23:59:59Z,absent,converter 1.1.0; pair c1d0dfddf5a1cd4afbc80101e4bac698443b8bc52b7ea427ea4c17f3e115945c; comparator bi_parity.py sha256:0803a81993929500 (no version constant),78ee55a5ef935e853000b4ab94661b324e28152e7bb577ff084c15bf8f12a5ea,
tile:267/2519,looker:analytics:dashboard:267/element:2519,b001,82b3ab594f0d8f518072f3e1cc4f4ce8ac1d576e:8c66c12e9dcdf850a89c1c64d843a56e0eadebccef413c7eebe8669593d6589d,absent,b1d0b53f00f58ef806e4358444b4b5f14250951275fe839fad91b7f9be19d2b5,50d878092a1d0f8372d5f97939d2ab8eeac067bcb7084e9645046f9145951d9f,2026-09-05T23:59:59Z,absent,converter 1.1.0; pair c1d0dfddf5a1cd4afbc80101e4bac698443b8bc52b7ea427ea4c17f3e115945c; comparator bi_parity.py sha256:0803a81993929500 (no version constant),94c47a231a2dc4f31ec18269a2b90877ecc3658240cee21bfc0dc89f01ba0398,
tile:267/2533,looker:analytics:dashboard:267/element:2533,b001,82b3ab594f0d8f518072f3e1cc4f4ce8ac1d576e:56d9ad176526f5f8f3526870501bce34153d9fd2008f651d680e59eb8af920d5,absent,b11746e6c2001b7296e65aab72353294bf74af4ed26479c5746f0832b459e247,50d878092a1d0f8372d5f97939d2ab8eeac067bcb7084e9645046f9145951d9f,2026-09-05T23:59:59Z,absent,converter 1.1.0; pair c1d0dfddf5a1cd4afbc80101e4bac698443b8bc52b7ea427ea4c17f3e115945c; comparator bi_parity.py sha256:0803a81993929500 (no version constant),677ce0db977b463b8bb6be1104550e5699165dd36aab475b18f5519d8219ce7a,
tile:267/2534,looker:analytics:dashboard:267/element:2534,b001,82b3ab594f0d8f518072f3e1cc4f4ce8ac1d576e:08ba9a08f382a884183e54da8fb3bbd8a447c6b2b825146d267938ff9d486442,absent,08e1654b6bf32b7ffb05cc1291f05f8135bee407bab042d5df5cdb737c83ad39,50d878092a1d0f8372d5f97939d2ab8eeac067bcb7084e9645046f9145951d9f,2026-09-05T23:59:59Z,absent,converter 1.1.0; pair c1d0dfddf5a1cd4afbc80101e4bac698443b8bc52b7ea427ea4c17f3e115945c; comparator bi_parity.py sha256:0803a81993929500 (no version constant),b423b37d2e1b1b13574d3f034d9d0597b93818130e52f11ce99bf66ab341979e,
tile:267/2536,looker:analytics:dashboard:267/element:2536,b001,82b3ab594f0d8f518072f3e1cc4f4ce8ac1d576e:f39f7585574b5048f9853a0a231290bf2a3b31563e9c214d318040eb947a34fe,absent,8a7b9188af2999ee939f180c959663e82f8b36af2ea408f61a0abde937f5c84b,50d878092a1d0f8372d5f97939d2ab8eeac067bcb7084e9645046f9145951d9f,2026-09-05T23:59:59Z,absent,converter 1.1.0; pair c1d0dfddf5a1cd4afbc80101e4bac698443b8bc52b7ea427ea4c17f3e115945c; comparator bi_parity.py sha256:0803a81993929500 (no version constant),2319a34259711ef933a7bd8e87718f02f8b806ceac9a21ed3767ebdd2b6ea0f7,
tile:267/2541,looker:analytics:dashboard:267/element:2541,b001,82b3ab594f0d8f518072f3e1cc4f4ce8ac1d576e:d5ee252801d7b387671479f8c683f78caae64adedcfb05a794997685dc44a27d,absent,393a6e3dfcac60d17893ee9d5904b7fe85ff2fc46bd59f78612ce6db9e29f61e,50d878092a1d0f8372d5f97939d2ab8eeac067bcb7084e9645046f9145951d9f,2026-09-05T23:59:59Z,absent,converter 1.1.0; pair c1d0dfddf5a1cd4afbc80101e4bac698443b8bc52b7ea427ea4c17f3e115945c; comparator bi_parity.py sha256:0803a81993929500 (no version constant),96439d508d8b4f20be9e40a8c4ebd84cf0097cbd0e39a68b9df6be8f91537239,
tile:267/2681,looker:analytics:dashboard:267/element:2681,b001,82b3ab594f0d8f518072f3e1cc4f4ce8ac1d576e:21d188906d42fcfa3d46d829e5c9fb4ee0d8cce617787ce74a24dfa5a5b3ca97,absent,c210ac29652d3e56e43e227215f08fed15f75dc29723c7ab6e10c512c322d12d,50d878092a1d0f8372d5f97939d2ab8eeac067bcb7084e9645046f9145951d9f,2026-09-05T23:59:59Z,absent,converter 1.1.0; pair c1d0dfddf5a1cd4afbc80101e4bac698443b8bc52b7ea427ea4c17f3e115945c; comparator bi_parity.py sha256:0803a81993929500 (no version constant),8145b597bd05efbe87176c1cdc45f97488c1bf2a384f7730934ceba215560839,
tile:267/2682,looker:analytics:dashboard:267/element:2682,b001,82b3ab594f0d8f518072f3e1cc4f4ce8ac1d576e:7c6bc9f20b439051fa4ec19beec0f950b95d152f2e0d950962d677c1843ffb27,absent,89adf43c975b0790be2db2400176f900fdfe433bd8d161a117508b7eb23b4fb6,50d878092a1d0f8372d5f97939d2ab8eeac067bcb7084e9645046f9145951d9f,2026-09-05T23:59:59Z,absent,converter 1.1.0; pair c1d0dfddf5a1cd4afbc80101e4bac698443b8bc52b7ea427ea4c17f3e115945c; comparator bi_parity.py sha256:0803a81993929500 (no version constant),6487e8a45f9756e0e1e932345d2e8cd6e9edb8a7daeba6e4034c8c9c6c5853e7,
tile:267/2805,looker:analytics:dashboard:267/element:2805,b001,82b3ab594f0d8f518072f3e1cc4f4ce8ac1d576e:8bb0578d1243c58c5f9f2d95d23fbbab15bd2582c8c706182ec00e5604b87656,absent,69c4169b8498b75eb9f53f52e3499dee319aa72c52627df04e2740fbac15f1f7,50d878092a1d0f8372d5f97939d2ab8eeac067bcb7084e9645046f9145951d9f,2026-09-05T23:59:59Z,absent,converter 1.1.0; pair c1d0dfddf5a1cd4afbc80101e4bac698443b8bc52b7ea427ea4c17f3e115945c; comparator bi_parity.py sha256:0803a81993929500 (no version constant),2f696462113edaab281859fe61430b1069f5673a2aed2d246c16f3cbf7dca14f,
tile:267/2898,looker:analytics:dashboard:267/element:2898,b001,82b3ab594f0d8f518072f3e1cc4f4ce8ac1d576e:872a02fc85770a6e746c6b1596dd6395f506f74ae20f3ba7d3893063f74a850e,absent,ec9b34e87156bcd85b3408575fec979472271369ae9bfc086ae8b5c8be23cf11,50d878092a1d0f8372d5f97939d2ab8eeac067bcb7084e9645046f9145951d9f,2026-09-05T23:59:59Z,absent,converter 1.1.0; pair c1d0dfddf5a1cd4afbc80101e4bac698443b8bc52b7ea427ea4c17f3e115945c; comparator bi_parity.py sha256:0803a81993929500 (no version constant),1d64ec10b19c9e7a657fa2c4ce583997da1fdfdca264c1298ed4fc72a35eaafe,
tile:267/3043,looker:analytics:dashboard:267/element:3043,b001,82b3ab594f0d8f518072f3e1cc4f4ce8ac1d576e:82fdca84c7243b0ba78d5458c6c77b8e0d8f8beaa05ee0481a3bda5245e1efb1,absent,dfd7f37b3fb46db2a05c211160a5e1900de0cda3dbfbb135ec94ed16871c0d26,50d878092a1d0f8372d5f97939d2ab8eeac067bcb7084e9645046f9145951d9f,2026-09-05T23:59:59Z,absent,converter 1.1.0; pair c1d0dfddf5a1cd4afbc80101e4bac698443b8bc52b7ea427ea4c17f3e115945c; comparator bi_parity.py sha256:0803a81993929500 (no version constant),cff40655a9ecc3d4e6cc738287aed5658e8935868856a385e47bac965af187e2,
tile:267/3045,looker:analytics:dashboard:267/element:3045,b001,82b3ab594f0d8f518072f3e1cc4f4ce8ac1d576e:e055517b2123c29c3305993f69c24d13dd9c0f9ba78759397c643d2892baad6a,absent,305727b5ca124d525713f8b03373699c1fe9cccd5223c41785c9b08ee04a8085,50d878092a1d0f8372d5f97939d2ab8eeac067bcb7084e9645046f9145951d9f,2026-09-05T23:59:59Z,absent,converter 1.1.0; pair c1d0dfddf5a1cd4afbc80101e4bac698443b8bc52b7ea427ea4c17f3e115945c; comparator bi_parity.py sha256:0803a81993929500 (no version constant),281ad61cb13e62f76fef39ed4cb0b299b5968ea9857036a46c9075615ef46e64,
tile:267/3082,looker:analytics:dashboard:267/element:3082,b001,82b3ab594f0d8f518072f3e1cc4f4ce8ac1d576e:7c5c909c6e791852bf182dda51050212cad3c5cb9ed84f1e1f8da4674eba2761,absent,68e3f569c3616eb06c3da142c4f8ec8bc8add99abbcc51b9b637a4f51d36ab12,50d878092a1d0f8372d5f97939d2ab8eeac067bcb7084e9645046f9145951d9f,2026-09-05T23:59:59Z,absent,converter 1.1.0; pair c1d0dfddf5a1cd4afbc80101e4bac698443b8bc52b7ea427ea4c17f3e115945c; comparator bi_parity.py sha256:0803a81993929500 (no version constant),00d03c26feeaf8efecd09d0af425cf68c8e48e97da9fe26f8bff32aedceafe53,
tile:267/3087,looker:analytics:dashboard:267/element:3087,b001,82b3ab594f0d8f518072f3e1cc4f4ce8ac1d576e:93e0521816f6f31e00f98f01caec69bc59a1c8f7aeed14c8de099e73bb1bac32,absent,58a54278225a9baedeaac4b8e29e6847db2e76c7f45a90fbe4e67f5fe8cbbce4,50d878092a1d0f8372d5f97939d2ab8eeac067bcb7084e9645046f9145951d9f,2026-09-05T23:59:59Z,absent,converter 1.1.0; pair c1d0dfddf5a1cd4afbc80101e4bac698443b8bc52b7ea427ea4c17f3e115945c; comparator bi_parity.py sha256:0803a81993929500 (no version constant),f528ad9ffa192b2162d9cd4e31ed34a534e6e7dd66447c3fc26bc54d293139c3,
tile:267/3873,looker:analytics:dashboard:267/element:3873,b001,82b3ab594f0d8f518072f3e1cc4f4ce8ac1d576e:e1092f9bfff437e64b7df6e58cf6a98a7ae6247eda55bcff0823867fa0992e14,absent,0c3211a94bbdb6d2e4b7d46b3ed1dab733c4bb9be9848b0c1ed5b1e18f6e6b27,50d878092a1d0f8372d5f97939d2ab8eeac067bcb7084e9645046f9145951d9f,2026-09-05T23:59:59Z,absent,converter 1.1.0; pair c1d0dfddf5a1cd4afbc80101e4bac698443b8bc52b7ea427ea4c17f3e115945c; comparator bi_parity.py sha256:0803a81993929500 (no version constant),a257d634deb17efff36e66c8a72f0f6bf3f3c24629090110a9490c9faf178a54,
tile:267/3878,looker:analytics:dashboard:267/element:3878,b001,82b3ab594f0d8f518072f3e1cc4f4ce8ac1d576e:72c6714ef042de1a9b3878b9c1d934b521bf26bef3a0cfbc29e39c59b3ef18a9,absent,4c2c0d52ef75302a36f87f0aa1dccf16af8684c5cc3cd64cb32b51b76ac696d3,50d878092a1d0f8372d5f97939d2ab8eeac067bcb7084e9645046f9145951d9f,2026-09-05T23:59:59Z,absent,converter 1.1.0; pair c1d0dfddf5a1cd4afbc80101e4bac698443b8bc52b7ea427ea4c17f3e115945c; comparator bi_parity.py sha256:0803a81993929500 (no version constant),081732ca60645858d64c317b0580c1da477f5383fe3e9c4886882d3a4a03632f,
tile:255/2354,looker:analytics:dashboard:255/element:2354,b001,82b3ab594f0d8f518072f3e1cc4f4ce8ac1d576e:b575451144bd4a3c5a05f644fb05b029db241fbb50ed52e774c39356f24aa33a,absent,b9624ad464cf114aaeb2d64d57707efe4dd47f2425783c7ea0e2980de3a61c32,50d878092a1d0f8372d5f97939d2ab8eeac067bcb7084e9645046f9145951d9f,2026-09-05T23:59:59Z,absent,converter 1.1.0; pair c1d0dfddf5a1cd4afbc80101e4bac698443b8bc52b7ea427ea4c17f3e115945c; comparator bi_parity.py sha256:0803a81993929500 (no version constant),6de528a65fd212cf5cf4ed780410829f6478d493a1779ee1dfcab2d901d51e5c,
tile:255/2355,looker:analytics:dashboard:255/element:2355,b001,82b3ab594f0d8f518072f3e1cc4f4ce8ac1d576e:d5559a98523dd8552f5f0f1d8381c98aa57e5ce049a4d364e916d63205fcb7d4,absent,6f0f4c6ed5377c4000a7526fae387778954c4f34bc611fc6f3e1fd31bb8974de,50d878092a1d0f8372d5f97939d2ab8eeac067bcb7084e9645046f9145951d9f,2026-09-05T23:59:59Z,absent,converter 1.1.0; pair c1d0dfddf5a1cd4afbc80101e4bac698443b8bc52b7ea427ea4c17f3e115945c; comparator bi_parity.py sha256:0803a81993929500 (no version constant),8cf8d1fb3b2fadea1ce1b2a792c4020a02875662f2c22f03629cdd6f82003b55,
tile:255/2356,looker:analytics:dashboard:255/element:2356,b001,82b3ab594f0d8f518072f3e1cc4f4ce8ac1d576e:de77e4afbebf0fdf7d0d27e95a99e2825c160139b97dcf32f3e129255ce82f4a,absent,e1dd95d58d479575fc15e5216ea975ed8c869f1ca464f38b2680e77846930baa,50d878092a1d0f8372d5f97939d2ab8eeac067bcb7084e9645046f9145951d9f,2026-09-05T23:59:59Z,absent,converter 1.1.0; pair c1d0dfddf5a1cd4afbc80101e4bac698443b8bc52b7ea427ea4c17f3e115945c; comparator bi_parity.py sha256:0803a81993929500 (no version constant),266ec397a2401dae34834df9a58b9c801f540ebed263be624e5b3f644ffd8874,
tile:255/2357,looker:analytics:dashboard:255/element:2357,b001,82b3ab594f0d8f518072f3e1cc4f4ce8ac1d576e:13d925a1b943e8df6d8eab3475c118075f08384cb0a095e3bc7caa2c0e49cdcb,absent,f059a82eef7e0f3ff4a0d1cde632b44ffd193939cdc602d79a2202b07adf8c81,50d878092a1d0f8372d5f97939d2ab8eeac067bcb7084e9645046f9145951d9f,2026-09-05T23:59:59Z,absent,converter 1.1.0; pair c1d0dfddf5a1cd4afbc80101e4bac698443b8bc52b7ea427ea4c17f3e115945c; comparator bi_parity.py sha256:0803a81993929500 (no version constant),6b8017cde248b92649ba4c9aad5d33a05fce8e695f468ef840dd025dbce7a9c8,
tile:255/2358,looker:analytics:dashboard:255/element:2358,b001,82b3ab594f0d8f518072f3e1cc4f4ce8ac1d576e:555e4334f7f1e527980f392a2b00acb865688622f0fb79b94ee12a3933944af2,absent,f9c0fa6ea28e4125b1bbb3f00df82167f6bdc7a21f6f7bd401d847a18557182f,50d878092a1d0f8372d5f97939d2ab8eeac067bcb7084e9645046f9145951d9f,2026-09-05T23:59:59Z,absent,converter 1.1.0; pair c1d0dfddf5a1cd4afbc80101e4bac698443b8bc52b7ea427ea4c17f3e115945c; comparator bi_parity.py sha256:0803a81993929500 (no version constant),19c5a291d0df09f97d791f801821ac08484c5f967520b3883d48458128eb95e9,
tile:255/2360,looker:analytics:dashboard:255/element:2360,b001,82b3ab594f0d8f518072f3e1cc4f4ce8ac1d576e:b22b4832f2105457b8d55c53d0ea4974d32ef876f465d4ce7a6461717206c077,absent,d697dcdadcf39674c5e4bba3326d8e47f0c54f550bc7e6255bb0600f43259921,50d878092a1d0f8372d5f97939d2ab8eeac067bcb7084e9645046f9145951d9f,2026-09-05T23:59:59Z,absent,converter 1.1.0; pair c1d0dfddf5a1cd4afbc80101e4bac698443b8bc52b7ea427ea4c17f3e115945c; comparator bi_parity.py sha256:0803a81993929500 (no version constant),832674f793180361d4db05c1836fbf8e5c87a57c9412aadadcf5735e59e65935,
tile:255/2362,looker:analytics:dashboard:255/element:2362,b001,82b3ab594f0d8f518072f3e1cc4f4ce8ac1d576e:ef2dc368a6bf059e717b4d369a9a4bf401b6bc273b4e2faf2281dffd7bbbc0b3,absent,f6477eded650e90678a35ab902bbcc11c068ecfbd7aa7aeecd11f679e9c81c91,50d878092a1d0f8372d5f97939d2ab8eeac067bcb7084e9645046f9145951d9f,2026-09-05T23:59:59Z,absent,converter 1.1.0; pair c1d0dfddf5a1cd4afbc80101e4bac698443b8bc52b7ea427ea4c17f3e115945c; comparator bi_parity.py sha256:0803a81993929500 (no version constant),99a67547102579a72ecc30abc768da687c52e108744f94af0d90f88dac4402c2,
tile:255/2375,looker:analytics:dashboard:255/element:2375,b001,82b3ab594f0d8f518072f3e1cc4f4ce8ac1d576e:2660f4e9ba5aeb2ed12475d64c1e5e1064b5ba05be826aeb14f81b9993a6d24f,absent,4de5a6a18d310cb07744c828709f60e19ffb72dce893fa851260538c91e7f95a,50d878092a1d0f8372d5f97939d2ab8eeac067bcb7084e9645046f9145951d9f,2026-09-05T23:59:59Z,absent,converter 1.1.0; pair c1d0dfddf5a1cd4afbc80101e4bac698443b8bc52b7ea427ea4c17f3e115945c; comparator bi_parity.py sha256:0803a81993929500 (no version constant),01721adc422ffb84935c7912a6c3c481e839b31018c21590623a453e25e5d085,
tile:255/2384,looker:analytics:dashboard:255/element:2384,b001,82b3ab594f0d8f518072f3e1cc4f4ce8ac1d576e:533a41ae6589fc12a12485d14338d4f37ee7f56020f9143c7792851b10540ae1,absent,935118f87b9cd99f12a748561eb338eb5d7be47a6f41bce5b27c6d11214ec4f6,50d878092a1d0f8372d5f97939d2ab8eeac067bcb7084e9645046f9145951d9f,2026-09-05T23:59:59Z,absent,converter 1.1.0; pair c1d0dfddf5a1cd4afbc80101e4bac698443b8bc52b7ea427ea4c17f3e115945c; comparator bi_parity.py sha256:0803a81993929500 (no version constant),d05a3a9649456eeb9c308ff7076a878d6c37df5a9cb120627354a91a5a74a6dc,
tile:255/2387,looker:analytics:dashboard:255/element:2387,b001,82b3ab594f0d8f518072f3e1cc4f4ce8ac1d576e:f250b4f30ec963e4c8fb15e567eb1eac0638aad6546c3f30e9c559b1d212d7f0,absent,27fb3146bcaa535c903172a0f250e68135b2b28a383416dac6c65e0e4af0490b,50d878092a1d0f8372d5f97939d2ab8eeac067bcb7084e9645046f9145951d9f,2026-09-05T23:59:59Z,absent,converter 1.1.0; pair c1d0dfddf5a1cd4afbc80101e4bac698443b8bc52b7ea427ea4c17f3e115945c; comparator bi_parity.py sha256:0803a81993929500 (no version constant),d95bbc6a1920df0d10d28e517224b77e91e908ed7bb64c8115d2d0d3eb0b4ae5,
tile:255/2388,looker:analytics:dashboard:255/element:2388,b001,82b3ab594f0d8f518072f3e1cc4f4ce8ac1d576e:de2ac7489026e3b00971ea239e3b91ab6b67ca929c63cff24f79add68ef4b189,absent,e69f6acb25f68f5c798e0f7eca2754eb0b1bd8fc786d15ce649204e9b1d2cb9b,50d878092a1d0f8372d5f97939d2ab8eeac067bcb7084e9645046f9145951d9f,2026-09-05T23:59:59Z,absent,converter 1.1.0; pair c1d0dfddf5a1cd4afbc80101e4bac698443b8bc52b7ea427ea4c17f3e115945c; comparator bi_parity.py sha256:0803a81993929500 (no version constant),13477b1ba5a1a901ddba8f8bd1f538235777a1d60f42a986d4b3da325aacd528,
tile:255/2398,looker:analytics:dashboard:255/element:2398,b001,82b3ab594f0d8f518072f3e1cc4f4ce8ac1d576e:5edb86de5d8a15772b6f2e054f6f3a8eea3f2b332a5bb61d33023a5baaf4bb8f,absent,644b02d4b3c921b3829b1028440385ffd1aa1b34a67f182b3f6c91f34dc438ff,50d878092a1d0f8372d5f97939d2ab8eeac067bcb7084e9645046f9145951d9f,2026-09-05T23:59:59Z,absent,converter 1.1.0; pair c1d0dfddf5a1cd4afbc80101e4bac698443b8bc52b7ea427ea4c17f3e115945c; comparator bi_parity.py sha256:0803a81993929500 (no version constant),62f5ad40a1d75e39188f0f2db660e638d82bc9312ab3833dd796a730b4020875,
tile:255/2399,looker:analytics:dashboard:255/element:2399,b001,82b3ab594f0d8f518072f3e1cc4f4ce8ac1d576e:52f987d2c0f856f3299c1311a5360ea637dd1533a2d0ab4737eb566708f66ea0,absent,04a6001f2b15f5d54483d4fe7a4424df0b3b6118a5e80c69895ebd254f0c7a0e,50d878092a1d0f8372d5f97939d2ab8eeac067bcb7084e9645046f9145951d9f,2026-09-05T23:59:59Z,absent,converter 1.1.0; pair c1d0dfddf5a1cd4afbc80101e4bac698443b8bc52b7ea427ea4c17f3e115945c; comparator bi_parity.py sha256:0803a81993929500 (no version constant),fca5de329c9c263a707963f25b6b9c547668d587b1d753dd1ad2990e871e5ec4,
tile:255/2401,looker:analytics:dashboard:255/element:2401,b001,82b3ab594f0d8f518072f3e1cc4f4ce8ac1d576e:80f1279850cb136a8954b30e5f48d031262c3ec5a7fe6ac663a4c4ec67eb330c,absent,e3ea85dff833a2b555c70ebf58dbfabde1b6cce26fa45a4d5917ec0e610ea74f,50d878092a1d0f8372d5f97939d2ab8eeac067bcb7084e9645046f9145951d9f,2026-09-05T23:59:59Z,absent,converter 1.1.0; pair c1d0dfddf5a1cd4afbc80101e4bac698443b8bc52b7ea427ea4c17f3e115945c; comparator bi_parity.py sha256:0803a81993929500 (no version constant),d1f9f46084abed59e3447c29eb40b607711838d5ddc85e27c86fa15b621761b0,
tile:255/2404,looker:analytics:dashboard:255/element:2404,b001,82b3ab594f0d8f518072f3e1cc4f4ce8ac1d576e:6bf56b64bb07f4ef875cbf91f70849d67971d3969d4e0faa627027fb156490d6,absent,5c9650870a252c135e86bda7cd64c32a8a21a0f6daba11fff00dba968a198a09,50d878092a1d0f8372d5f97939d2ab8eeac067bcb7084e9645046f9145951d9f,2026-09-05T23:59:59Z,absent,converter 1.1.0; pair c1d0dfddf5a1cd4afbc80101e4bac698443b8bc52b7ea427ea4c17f3e115945c; comparator bi_parity.py sha256:0803a81993929500 (no version constant),ec275f03c0143e37d8f8d9fdccceec828dc4ab14bb381537e441e969580733ea,
tile:255/2406,looker:analytics:dashboard:255/element:2406,b001,82b3ab594f0d8f518072f3e1cc4f4ce8ac1d576e:c817b3d8e41f7ad19b9cbe1dddb047fd7a64beeef4436cda67a11208b2f33403,absent,be21cf601fdc302d0f38e762e3ae8e48b2cf1f01acfcad1bbeea3fe28d4e9255,50d878092a1d0f8372d5f97939d2ab8eeac067bcb7084e9645046f9145951d9f,2026-09-05T23:59:59Z,absent,converter 1.1.0; pair c1d0dfddf5a1cd4afbc80101e4bac698443b8bc52b7ea427ea4c17f3e115945c; comparator bi_parity.py sha256:0803a81993929500 (no version constant),158cdc4280c47ae102dd4b26b8a69bd2ffb305aec39863a68cf23b0fce124e8f,
tile:255/2407,looker:analytics:dashboard:255/element:2407,b001,82b3ab594f0d8f518072f3e1cc4f4ce8ac1d576e:c1ec44de6a442615ccc6b02db279231b04545057966791f1e5aeaab81aeac489,absent,de2d8f63b12c8a443ecc7a49b6dac766df2992b4317cced43dc2fc76bccb2154,50d878092a1d0f8372d5f97939d2ab8eeac067bcb7084e9645046f9145951d9f,2026-09-05T23:59:59Z,absent,converter 1.1.0; pair c1d0dfddf5a1cd4afbc80101e4bac698443b8bc52b7ea427ea4c17f3e115945c; comparator bi_parity.py sha256:0803a81993929500 (no version constant),3f1a8e9bb5cdea66b59d0d90024ef1d118e73e4ef2c714037352be307660acac,
tile:255/2409,looker:analytics:dashboard:255/element:2409,b001,82b3ab594f0d8f518072f3e1cc4f4ce8ac1d576e:595dad1360818b322466df3e119705641f71e9ab2e869f481dfed2c21d6ddda5,absent,cb36881da0b18fe54147a7d46619c5d14d6478e142a2f15ce40568d892d5cee3,50d878092a1d0f8372d5f97939d2ab8eeac067bcb7084e9645046f9145951d9f,2026-09-05T23:59:59Z,absent,converter 1.1.0; pair c1d0dfddf5a1cd4afbc80101e4bac698443b8bc52b7ea427ea4c17f3e115945c; comparator bi_parity.py sha256:0803a81993929500 (no version constant),939645e07149bcfc61fb122e68ee8415bc6d291a125346da9cd82b9f981b571c,
tile:255/2410,looker:analytics:dashboard:255/element:2410,b001,82b3ab594f0d8f518072f3e1cc4f4ce8ac1d576e:5da2694566cff419692f3ba3473af4478ec2bc48d6243f3f3a8466cd71e2d536,absent,2f7b8bc30527bd47747b84ffd6f2f2ab0b74439c0f3a35ff7a7ca30167ea8363,50d878092a1d0f8372d5f97939d2ab8eeac067bcb7084e9645046f9145951d9f,2026-09-05T23:59:59Z,absent,converter 1.1.0; pair c1d0dfddf5a1cd4afbc80101e4bac698443b8bc52b7ea427ea4c17f3e115945c; comparator bi_parity.py sha256:0803a81993929500 (no version constant),efeef4581dbf675802790cea0aac15028f6b8dd54652f885183b900c515d93a6,
tile:255/2411,looker:analytics:dashboard:255/element:2411,b001,82b3ab594f0d8f518072f3e1cc4f4ce8ac1d576e:006013a45aaeb9ce8ab141abeb9ef6f689729ae8987f2c60f733c9a647d4f5ed,absent,f7818a0a2f8cd4d4b49b22ddb6c5311fca9207880f60ca518aa437b03b9076ea,50d878092a1d0f8372d5f97939d2ab8eeac067bcb7084e9645046f9145951d9f,2026-09-05T23:59:59Z,absent,converter 1.1.0; pair c1d0dfddf5a1cd4afbc80101e4bac698443b8bc52b7ea427ea4c17f3e115945c; comparator bi_parity.py sha256:0803a81993929500 (no version constant),87820dbac5dd7ee53f38e6dc070973c27bde30a7d83ca222524513355fb42bb1,
tile:255/2412,looker:analytics:dashboard:255/element:2412,b001,82b3ab594f0d8f518072f3e1cc4f4ce8ac1d576e:2123499ccec81753ecdb6daa2721894af76402c29af89fbafb80d1c02b4c9591,absent,c5d162fb87ed21b57aa83d2548a4894674852893124fa87badfa66fc910c8a83,50d878092a1d0f8372d5f97939d2ab8eeac067bcb7084e9645046f9145951d9f,2026-09-05T23:59:59Z,absent,converter 1.1.0; pair c1d0dfddf5a1cd4afbc80101e4bac698443b8bc52b7ea427ea4c17f3e115945c; comparator bi_parity.py sha256:0803a81993929500 (no version constant),125f51036cd35c4422f7c81df729c85d0410a5f6a29613873a0a94f9d6ef2510,
tile:255/2413,looker:analytics:dashboard:255/element:2413,b001,82b3ab594f0d8f518072f3e1cc4f4ce8ac1d576e:03058b423b7327b4f44936ba9aa087e3432b183ad22e447818649b7ea12ecd02,absent,6c52ac1177797367d95f098bd15bab5909adc83f269af472663a57c127156400,50d878092a1d0f8372d5f97939d2ab8eeac067bcb7084e9645046f9145951d9f,2026-09-05T23:59:59Z,absent,converter 1.1.0; pair c1d0dfddf5a1cd4afbc80101e4bac698443b8bc52b7ea427ea4c17f3e115945c; comparator bi_parity.py sha256:0803a81993929500 (no version constant),dca4d4f19588d4d2d37a417210857db7c193b623d46035c7175f2cccbe31c281,
tile:255/2414,looker:analytics:dashboard:255/element:2414,b001,82b3ab594f0d8f518072f3e1cc4f4ce8ac1d576e:b9adcfc77e48a502075acf7cf49c33c04b9e939d10b386fb09039e29663e2c8f,absent,64c0c38039069b4ae049747823e29970e50ac00421e584c64a43e3afef8a389a,50d878092a1d0f8372d5f97939d2ab8eeac067bcb7084e9645046f9145951d9f,2026-09-05T23:59:59Z,absent,converter 1.1.0; pair c1d0dfddf5a1cd4afbc80101e4bac698443b8bc52b7ea427ea4c17f3e115945c; comparator bi_parity.py sha256:0803a81993929500 (no version constant),fc51e282258a87642c81e5fd114c4298b74a5a4435223b2e49aebfb167edf340,
tile:255/2416,looker:analytics:dashboard:255/element:2416,b001,82b3ab594f0d8f518072f3e1cc4f4ce8ac1d576e:e2c42c95a577a646120151a99493f7a5e5089caad338f99fa022e8f44691b4c4,absent,9a14e33070136c19bcb6747400e4e35f9349a69360972d6d1438177e1e8169af,50d878092a1d0f8372d5f97939d2ab8eeac067bcb7084e9645046f9145951d9f,2026-09-05T23:59:59Z,absent,converter 1.1.0; pair c1d0dfddf5a1cd4afbc80101e4bac698443b8bc52b7ea427ea4c17f3e115945c; comparator bi_parity.py sha256:0803a81993929500 (no version constant),c6fe492f11c06ec1e6eb43734636d8fe848f2349618d98d79b92eed6d83c3942,
tile:255/2417,looker:analytics:dashboard:255/element:2417,b001,82b3ab594f0d8f518072f3e1cc4f4ce8ac1d576e:ac09daaa44bcde46ac7a7e9e7ca9b76c381326b8e63ec1bc017d6e246f4e9503,absent,e8813af45c955eb4b418137379cd9ad5ea8b259bcd2d8f36c3bb5d5068bcc3dd,50d878092a1d0f8372d5f97939d2ab8eeac067bcb7084e9645046f9145951d9f,2026-09-05T23:59:59Z,absent,converter 1.1.0; pair c1d0dfddf5a1cd4afbc80101e4bac698443b8bc52b7ea427ea4c17f3e115945c; comparator bi_parity.py sha256:0803a81993929500 (no version constant),3adb1d88c06781edc049ddbd3a7f8ee6c354ddd35d6f2967b2b9691ba24bfeec,
tile:255/2419,looker:analytics:dashboard:255/element:2419,b001,82b3ab594f0d8f518072f3e1cc4f4ce8ac1d576e:f08ea090294006a035b0df654d9991fe3a25eed49270186ef82da1a88a5b8ed6,absent,9dda84bbf6970e834a949a08388667265230113d98856c111773d16045091a90,50d878092a1d0f8372d5f97939d2ab8eeac067bcb7084e9645046f9145951d9f,2026-09-05T23:59:59Z,absent,converter 1.1.0; pair c1d0dfddf5a1cd4afbc80101e4bac698443b8bc52b7ea427ea4c17f3e115945c; comparator bi_parity.py sha256:0803a81993929500 (no version constant),c22d213f76f5a3da1a00a9e52ebb67c5a711349ffcfe9cd4b9bff9cd101fb44c,
tile:255/2420,looker:analytics:dashboard:255/element:2420,b001,82b3ab594f0d8f518072f3e1cc4f4ce8ac1d576e:0351b01b1be098cb6d355ea6eaf4f2dc8db275ec1acac27fd1f1e5b3ff0385be,absent,ebfe104778b0895bf74ac9c88b1eb60de0ba271b439b2084202ac6b3a34e2889,50d878092a1d0f8372d5f97939d2ab8eeac067bcb7084e9645046f9145951d9f,2026-09-05T23:59:59Z,absent,converter 1.1.0; pair c1d0dfddf5a1cd4afbc80101e4bac698443b8bc52b7ea427ea4c17f3e115945c; comparator bi_parity.py sha256:0803a81993929500 (no version constant),b7fac6e03d88c6ff084b9ecc27fd08cae73f8a98a084195721a7b0085212652c,
tile:255/2425,looker:analytics:dashboard:255/element:2425,b001,82b3ab594f0d8f518072f3e1cc4f4ce8ac1d576e:01fd241feaab1a014c678e57d7cb4d9ee80cafa023aa147f1e2a89c161041e6f,absent,78d2a2ca5292fba97ee65fe9d120e875d8a71b422760b6a7c8b030879328ba2f,50d878092a1d0f8372d5f97939d2ab8eeac067bcb7084e9645046f9145951d9f,2026-09-05T23:59:59Z,absent,converter 1.1.0; pair c1d0dfddf5a1cd4afbc80101e4bac698443b8bc52b7ea427ea4c17f3e115945c; comparator bi_parity.py sha256:0803a81993929500 (no version constant),b05c926c3d1b4d3913948d96c48f6bd6c001f7abf864b616ae8516bd409234aa,
tile:416/3905,looker:analytics:dashboard:416/element:3905,b001,82b3ab594f0d8f518072f3e1cc4f4ce8ac1d576e:73f5a87ab520855e376f8db5ce1e4c52b30bd674ca680269d1b82973ee102f68,absent,562d614eaf31b035c2dcf8da51edd97aaf4ab1d18f1dad395a12893044412fec,50d878092a1d0f8372d5f97939d2ab8eeac067bcb7084e9645046f9145951d9f,2026-09-05T23:59:59Z,absent,converter 1.1.0; pair c1d0dfddf5a1cd4afbc80101e4bac698443b8bc52b7ea427ea4c17f3e115945c; comparator bi_parity.py sha256:0803a81993929500 (no version constant),9e92a41f6a9f7d2abb217a9a02761ccf64d2279059d2bba358215856b2d92477,
tile:416/3906,looker:analytics:dashboard:416/element:3906,b001,82b3ab594f0d8f518072f3e1cc4f4ce8ac1d576e:5b94f8c02580994de3825d526aa5febd26c120e12e030921421ef83a21fb278a,absent,1056f3a88dd044a717f310d2549b32e95026af60966284efb7bc922cecb9e821,50d878092a1d0f8372d5f97939d2ab8eeac067bcb7084e9645046f9145951d9f,2026-09-05T23:59:59Z,absent,converter 1.1.0; pair c1d0dfddf5a1cd4afbc80101e4bac698443b8bc52b7ea427ea4c17f3e115945c; comparator bi_parity.py sha256:0803a81993929500 (no version constant),33dd30c3978948a54bd7ce11f0e4bb148074e85a42a79ffcbe8e390346e05e5f,
tile:416/3907,looker:analytics:dashboard:416/element:3907,b001,82b3ab594f0d8f518072f3e1cc4f4ce8ac1d576e:00410315a32c90b32e667a701796cb22e9bddd000e017de7f5a1a799cc220185,absent,f0f27e21b598a39bdd5714d62b8795472be3d51bbd637312ef6db6cb6ecb54f1,50d878092a1d0f8372d5f97939d2ab8eeac067bcb7084e9645046f9145951d9f,2026-09-05T23:59:59Z,absent,converter 1.1.0; pair c1d0dfddf5a1cd4afbc80101e4bac698443b8bc52b7ea427ea4c17f3e115945c; comparator bi_parity.py sha256:0803a81993929500 (no version constant),e2e742cdf0b9bcc08180cbb421b69f0b3e72570529b258fdfaf5a5d8d8c11a2a,
tile:416/3908,looker:analytics:dashboard:416/element:3908,b001,82b3ab594f0d8f518072f3e1cc4f4ce8ac1d576e:cc816f00ba4a90b959a7399d717d8928681c5a26e7002fa91bb2856260a08682,absent,0dcf4cc9fa154844b2a7495d6c4f6d5ced15f9dd8930d8e7275d710f1f5949ea,50d878092a1d0f8372d5f97939d2ab8eeac067bcb7084e9645046f9145951d9f,2026-09-05T23:59:59Z,absent,converter 1.1.0; pair c1d0dfddf5a1cd4afbc80101e4bac698443b8bc52b7ea427ea4c17f3e115945c; comparator bi_parity.py sha256:0803a81993929500 (no version constant),efae0c443c4c6c4a969f8e73633166fbac3cb5bd5e9f0997df662e8218030fda,
tile:416/3909,looker:analytics:dashboard:416/element:3909,b001,82b3ab594f0d8f518072f3e1cc4f4ce8ac1d576e:066bb5056462a0acd1b6cdd71f41600d4a9094ec3f68b363b24043738b0de26c,absent,701d4bccc2247fff99e2ed5e78ba91c8894a9eaf240ae087ab75dc0b959b7fb1,50d878092a1d0f8372d5f97939d2ab8eeac067bcb7084e9645046f9145951d9f,2026-09-05T23:59:59Z,absent,converter 1.1.0; pair c1d0dfddf5a1cd4afbc80101e4bac698443b8bc52b7ea427ea4c17f3e115945c; comparator bi_parity.py sha256:0803a81993929500 (no version constant),e2dd835a604d37789ae1b628a0d187a4603aa512a8b930c3a52850d0770848c7,
tile:416/3910,looker:analytics:dashboard:416/element:3910,b001,82b3ab594f0d8f518072f3e1cc4f4ce8ac1d576e:5dc004eb54ef2ad222e081c478fc6b7b51fbd26fd0f142867a5fd3b6cff00e9f,absent,f9e6d23b5d39b70855d7058d68c462bab235b446cc33114149dad66523199be9,50d878092a1d0f8372d5f97939d2ab8eeac067bcb7084e9645046f9145951d9f,2026-09-05T23:59:59Z,absent,converter 1.1.0; pair c1d0dfddf5a1cd4afbc80101e4bac698443b8bc52b7ea427ea4c17f3e115945c; comparator bi_parity.py sha256:0803a81993929500 (no version constant),bf022940ffe54b019c2b9bb8a8e0088b883f014934ef81912c2adfe228c1d2ef,
tile:416/3911,looker:analytics:dashboard:416/element:3911,b001,82b3ab594f0d8f518072f3e1cc4f4ce8ac1d576e:42ef6b0ec42605ee89808fb8a27f34ce3e710860a2106c1ae7a41031bfac4654,absent,35d45f122c87b540fa7746486dd6025c9cccb75ac638973f0f739d1037651d09,50d878092a1d0f8372d5f97939d2ab8eeac067bcb7084e9645046f9145951d9f,2026-09-05T23:59:59Z,absent,converter 1.1.0; pair c1d0dfddf5a1cd4afbc80101e4bac698443b8bc52b7ea427ea4c17f3e115945c; comparator bi_parity.py sha256:0803a81993929500 (no version constant),c68fc9ef9347043eb22ce1cd25784beab3f18a6a1397303c6a09c97e34f90903,
tile:416/3912,looker:analytics:dashboard:416/element:3912,b001,82b3ab594f0d8f518072f3e1cc4f4ce8ac1d576e:f70c09c787d35cc6ead27a2d2bebc30652cd72db43d1f2ff87089e72a02a5cd8,absent,621c6c135ca9a0fb806a44fc5b7588c32bca91d005fd153ee4eb3af31ce6022f,50d878092a1d0f8372d5f97939d2ab8eeac067bcb7084e9645046f9145951d9f,2026-09-05T23:59:59Z,absent,converter 1.1.0; pair c1d0dfddf5a1cd4afbc80101e4bac698443b8bc52b7ea427ea4c17f3e115945c; comparator bi_parity.py sha256:0803a81993929500 (no version constant),5a004ca110f6e00b0fdaef237fd17e28f20c88fdec71d462726559d0b4b0978f,
tile:416/3913,looker:analytics:dashboard:416/element:3913,b001,82b3ab594f0d8f518072f3e1cc4f4ce8ac1d576e:b7523a2b8d57cdc2c12c94d102c4ea9813f786ad2824b19a7255e28c0be99afd,absent,bd85ff15e48f60344e7aa3ca5191144520041c25c0939fb4a0366e810e2331fb,50d878092a1d0f8372d5f97939d2ab8eeac067bcb7084e9645046f9145951d9f,2026-09-05T23:59:59Z,absent,converter 1.1.0; pair c1d0dfddf5a1cd4afbc80101e4bac698443b8bc52b7ea427ea4c17f3e115945c; comparator bi_parity.py sha256:0803a81993929500 (no version constant),530dd39b6461bb371a9706c1dd597eb6b28f20f9d36fffead0ba6e0d4778cbfe,
tile:416/3914,looker:analytics:dashboard:416/element:3914,b001,82b3ab594f0d8f518072f3e1cc4f4ce8ac1d576e:badc4a40c3db03c1f10ba7179344c731ed6d8223a826f70071670c64fb245d47,absent,119a5ae381af1b857ddcef5e7d05d7fd42df2c036fb7edf7d53c0893807d9be1,50d878092a1d0f8372d5f97939d2ab8eeac067bcb7084e9645046f9145951d9f,2026-09-05T23:59:59Z,absent,converter 1.1.0; pair c1d0dfddf5a1cd4afbc80101e4bac698443b8bc52b7ea427ea4c17f3e115945c; comparator bi_parity.py sha256:0803a81993929500 (no version constant),e3556c1cc653ec1705af1010992ef2e7c5b81b6d4de20c72879d096709939b93,
tile:416/3915,looker:analytics:dashboard:416/element:3915,b001,82b3ab594f0d8f518072f3e1cc4f4ce8ac1d576e:23c5688cdab2d8427e0631f440ac42d0093e29e10448272b7bc2075d4161d92b,absent,8f60a3b2aa90a518707a0bd40d8c44af8305b96d15cfc084e37550ae287f9cad,50d878092a1d0f8372d5f97939d2ab8eeac067bcb7084e9645046f9145951d9f,2026-09-05T23:59:59Z,absent,converter 1.1.0; pair c1d0dfddf5a1cd4afbc80101e4bac698443b8bc52b7ea427ea4c17f3e115945c; comparator bi_parity.py sha256:0803a81993929500 (no version constant),525e7526835e9bc0f3b42d8cc5c803fffbc0d50029626394d868f6cb900c067e,
tile:416/3917,looker:analytics:dashboard:416/element:3917,b001,82b3ab594f0d8f518072f3e1cc4f4ce8ac1d576e:520d8949fbc1ed2e370c131e3d42af2b47ff679b523b4a2960bd23cdf8dd9c4a,absent,7be09631b8aa4664b64b8d526fec031ea976fad5630ebbf2e3e0f33c761c60c7,50d878092a1d0f8372d5f97939d2ab8eeac067bcb7084e9645046f9145951d9f,2026-09-05T23:59:59Z,absent,converter 1.1.0; pair c1d0dfddf5a1cd4afbc80101e4bac698443b8bc52b7ea427ea4c17f3e115945c; comparator bi_parity.py sha256:0803a81993929500 (no version constant),5165781ed8a7b21a8f1e4f2428c2c23384ac2f405c92402e61489a95ab9c5962,
tile:416/3918,looker:analytics:dashboard:416/element:3918,b001,82b3ab594f0d8f518072f3e1cc4f4ce8ac1d576e:a8612908e0b4b8e5bd7563213f4483d6d9fb8d1a73eb4018eaed98b97d8d28b2,absent,786a9c23078c78e1c816cf66501437aeb2d1d86ac07d13f73d095807829450c1,50d878092a1d0f8372d5f97939d2ab8eeac067bcb7084e9645046f9145951d9f,2026-09-05T23:59:59Z,absent,converter 1.1.0; pair c1d0dfddf5a1cd4afbc80101e4bac698443b8bc52b7ea427ea4c17f3e115945c; comparator bi_parity.py sha256:0803a81993929500 (no version constant),eecc8d50267098f32c8ee5e247b13e865198094d8d8023be2d8fae1c2ffdf10a,
tile:416/3919,looker:analytics:dashboard:416/element:3919,b001,82b3ab594f0d8f518072f3e1cc4f4ce8ac1d576e:0af675b47788e3a2257646375a5f12afaaa7f7faafed423283649055317c09c6,absent,71883fe1d7511e7fd0f069ce73d115dd4afaba65dc64e4743bd8e762f9d0a054,50d878092a1d0f8372d5f97939d2ab8eeac067bcb7084e9645046f9145951d9f,2026-09-05T23:59:59Z,absent,converter 1.1.0; pair c1d0dfddf5a1cd4afbc80101e4bac698443b8bc52b7ea427ea4c17f3e115945c; comparator bi_parity.py sha256:0803a81993929500 (no version constant),5abdd24a6bc9002b5bb6682e686f2c29f65d595126b60a4a7ac518e54a71e703,
tile:416/3921,looker:analytics:dashboard:416/element:3921,b001,82b3ab594f0d8f518072f3e1cc4f4ce8ac1d576e:78aa8bcd1dfcbe36c8e33e132537a2e402a1fe922a8f7ebd85d73388d03951f3,absent,775f8524da47d1655edbc0fdae0cd6b49148c13cd650ea7753803643aef90240,50d878092a1d0f8372d5f97939d2ab8eeac067bcb7084e9645046f9145951d9f,2026-09-05T23:59:59Z,absent,converter 1.1.0; pair c1d0dfddf5a1cd4afbc80101e4bac698443b8bc52b7ea427ea4c17f3e115945c; comparator bi_parity.py sha256:0803a81993929500 (no version constant),e58a96eb1449a5b0fddef6f7022ce493915737aad6ebbac6665683e03b841bf6,
tile:416/3923,looker:analytics:dashboard:416/element:3923,b001,82b3ab594f0d8f518072f3e1cc4f4ce8ac1d576e:d3b513beb1287db9b3f5479633ce2795f285fe642d5469c881c53537be8c35aa,absent,b130a0f95c194df49264c74d4bee53231807c7d9acc108f6aa8d1478f645ac1f,50d878092a1d0f8372d5f97939d2ab8eeac067bcb7084e9645046f9145951d9f,2026-09-05T23:59:59Z,absent,converter 1.1.0; pair c1d0dfddf5a1cd4afbc80101e4bac698443b8bc52b7ea427ea4c17f3e115945c; comparator bi_parity.py sha256:0803a81993929500 (no version constant),f1f3da8f1afd8e8f72dfa7dd326e2d829cfe8786f15e11c698d2e88512f88d25,
tile:416/3925,looker:analytics:dashboard:416/element:3925,b001,82b3ab594f0d8f518072f3e1cc4f4ce8ac1d576e:b5554736402221237ce5325d1591499d79e96ae2d9bae45ebd5123f6f202d6d2,absent,65ff68f195383386c8f18f8610b08375c4c7c90ec72fc288265da4064af6672b,50d878092a1d0f8372d5f97939d2ab8eeac067bcb7084e9645046f9145951d9f,2026-09-05T23:59:59Z,absent,converter 1.1.0; pair c1d0dfddf5a1cd4afbc80101e4bac698443b8bc52b7ea427ea4c17f3e115945c; comparator bi_parity.py sha256:0803a81993929500 (no version constant),bcf4fe082c7af286cfa664f09264c0391aedb18fbdb79928aac8630759b947a6,
